number;lifetime;total dissipation;spatial linear size
1;1;1.0;0.0
2;4;6.0;2.23606797749979
3;1;1.0;0.0
4;3;4.0;1.4142135623730951
5;1;1.0;0.0
6;1;1.0;0.0
7;3;3.0;1.4142135623730951
8;1;1.0;0.0
9;2;2.0;1.0
10;4;4.0;1.4142135623730951
11;1;1.0;0.0
12;4;4.0;1.4142135623730951
13;1;1.0;0.0
14;1;1.0;0.0
15;7;12.0;3.1622776601683795
16;3;4.0;1.4142135623730951
17;6;8.0;3.605551275463989
18;3;3.0;1.4142135623730951
19;2;2.0;1.0
20;6;8.0;3.605551275463989
21;14;21.0;4.47213595499958
22;1;1.0;0.0
23;1;1.0;0.0
24;7;16.0;5.0990195135927845
25;1;1.0;0.0
26;2;2.0;1.0
27;11;19.0;4.123105625617661
28;5;6.0;2.23606797749979
29;13;28.0;4.123105625617661
30;3;6.0;1.4142135623730951
31;1;1.0;0.0
32;3;5.0;1.4142135623730951
33;10;28.0;4.47213595499958
34;2;2.0;1.0
35;18;47.0;6.4031242374328485
36;13;25.0;5.656854249492381
37;3;3.0;2.0
38;2;2.0;1.0
39;11;33.0;5.830951894845301
40;8;25.0;5.385164807134504
41;3;4.0;1.4142135623730951
42;11;18.0;5.0
43;2;2.0;1.0
44;14;20.0;6.324555320336759
45;1;1.0;0.0
46;2;2.0;1.0
47;9;19.0;4.123105625617661
48;2;2.0;1.0
49;1;1.0;0.0
50;14;46.0;7.810249675906654
51;6;8.0;2.23606797749979
52;2;3.0;1.0
53;7;9.0;2.8284271247461903
54;10;20.0;5.385164807134504
55;5;5.0;1.4142135623730951
56;7;12.0;3.605551275463989
57;12;19.0;5.656854249492381
58;2;2.0;1.0
59;2;3.0;1.0
60;2;2.0;1.0
61;5;6.0;3.1622776601683795
62;2;2.0;1.0
63;8;12.0;4.47213595499958
64;2;2.0;1.0
65;7;23.0;4.47213595499958
66;1;1.0;0.0
67;6;7.0;3.1622776601683795
68;5;5.0;2.23606797749979
69;11;12.0;6.324555320336759
70;1;1.0;0.0
71;1;1.0;0.0
72;2;2.0;1.0
73;2;2.0;1.0
74;4;7.0;2.23606797749979
75;10;16.0;4.47213595499958
76;7;18.0;4.123105625617661
77;2;2.0;1.0
78;13;20.0;8.48528137423857
79;3;4.0;2.0
80;9;25.0;4.47213595499958
81;15;33.0;6.324555320336759
82;2;2.0;1.0
83;2;2.0;1.0
84;4;5.0;2.23606797749979
85;7;17.0;4.123105625617661
86;5;8.0;4.0
87;2;3.0;1.0
88;4;4.0;2.23606797749979
89;7;15.0;2.8284271247461903
90;4;6.0;2.0
91;5;8.0;2.23606797749979
92;8;15.0;4.123105625617661
93;2;2.0;1.0
94;2;2.0;1.0
95;1;1.0;0.0
96;2;2.0;1.0
97;4;4.0;1.4142135623730951
98;4;6.0;2.23606797749979
99;1;1.0;0.0
100;2;2.0;1.0
101;1;1.0;0.0
102;12;27.0;7.280109889280518
103;1;1.0;0.0
104;2;4.0;1.0
105;7;13.0;4.242640687119285
106;1;1.0;0.0
107;4;8.0;3.0
108;1;1.0;0.0
109;1;1.0;0.0
110;3;3.0;2.0
111;4;4.0;3.0
112;12;28.0;7.0710678118654755
113;3;4.0;1.4142135623730951
114;2;2.0;1.0
115;12;21.0;5.385164807134504
116;9;23.0;4.123105625617661
117;6;8.0;4.123105625617661
118;5;6.0;2.23606797749979
119;1;1.0;0.0
120;8;26.0;4.123105625617661
121;2;2.0;1.0
122;2;3.0;1.0
123;1;1.0;0.0
124;1;1.0;0.0
125;1;1.0;0.0
126;4;7.0;2.23606797749979
127;1;1.0;0.0
128;5;5.0;2.23606797749979
129;12;33.0;6.324555320336759
130;1;1.0;0.0
131;1;1.0;0.0
132;2;2.0;1.0
133;25;57.0;6.082762530298219
134;2;2.0;1.0
135;5;9.0;2.8284271247461903
136;8;14.0;4.47213595499958
137;9;14.0;3.605551275463989
138;10;27.0;6.4031242374328485
139;6;8.0;2.8284271247461903
140;3;3.0;1.4142135623730951
141;18;32.0;7.211102550927978
142;1;1.0;0.0
143;1;1.0;0.0
144;16;29.0;5.830951894845301
145;2;2.0;1.0
146;15;43.0;5.830951894845301
147;9;11.0;4.123105625617661
148;10;16.0;5.385164807134504
149;3;7.0;2.0
150;1;1.0;0.0
151;1;1.0;0.0
152;1;1.0;0.0
153;18;23.0;5.385164807134504
154;9;13.0;3.1622776601683795
155;7;10.0;3.1622776601683795
156;6;8.0;2.23606797749979
157;1;1.0;0.0
158;4;4.0;1.4142135623730951
159;9;22.0;5.0990195135927845
160;7;12.0;2.8284271247461903
161;1;1.0;0.0
162;3;5.0;1.4142135623730951
163;15;29.0;8.602325267042627
164;1;1.0;0.0
165;9;19.0;4.47213595499958
166;5;8.0;4.0
167;18;35.0;6.4031242374328485
168;1;1.0;0.0
169;2;2.0;1.0
170;2;2.0;1.0
171;8;21.0;4.123105625617661
172;2;2.0;1.0
173;3;3.0;2.0
174;1;1.0;0.0
175;2;2.0;1.0
176;2;2.0;1.0
177;10;32.0;5.0990195135927845
178;2;2.0;1.0
179;10;23.0;5.385164807134504
180;3;4.0;1.4142135623730951
181;2;3.0;1.0
182;1;1.0;0.0
183;1;1.0;0.0
184;2;2.0;1.0
185;4;8.0;2.23606797749979
186;2;4.0;1.0
187;5;7.0;1.4142135623730951
188;10;17.0;5.0
189;1;1.0;0.0
190;9;16.0;4.47213595499958
191;1;1.0;0.0
192;10;22.0;6.082762530298219
193;2;2.0;1.0
194;1;1.0;0.0
195;25;72.0;6.324555320336759
196;4;6.0;2.23606797749979
197;3;3.0;2.0
198;2;2.0;1.0
199;13;33.0;7.211102550927978
200;1;1.0;0.0
201;1;1.0;0.0
202;6;10.0;3.0
203;4;4.0;1.4142135623730951
204;5;11.0;3.1622776601683795
205;9;12.0;4.123105625617661
206;1;1.0;0.0
207;17;43.0;9.219544457292887
208;4;6.0;2.23606797749979
209;1;1.0;0.0
210;4;6.0;1.4142135623730951
211;1;1.0;0.0
212;14;39.0;6.4031242374328485
213;2;2.0;1.0
214;14;24.0;5.0
215;1;1.0;0.0
216;3;5.0;1.4142135623730951
217;1;1.0;0.0
218;5;10.0;3.1622776601683795
219;6;14.0;3.1622776601683795
220;1;1.0;0.0
221;2;2.0;1.0
222;4;5.0;1.4142135623730951
223;6;12.0;3.605551275463989
224;4;6.0;3.0
225;5;6.0;3.1622776601683795
226;7;13.0;4.47213595499958
227;1;1.0;0.0
228;4;5.0;2.23606797749979
229;3;4.0;2.0
230;8;9.0;2.8284271247461903
231;4;4.0;1.4142135623730951
232;2;2.0;1.0
233;5;7.0;2.23606797749979
234;9;18.0;5.656854249492381
235;2;3.0;1.0
236;9;16.0;3.605551275463989
237;2;2.0;1.0
238;8;8.0;3.1622776601683795
239;1;1.0;0.0
240;1;1.0;0.0
241;12;28.0;6.082762530298219
242;9;15.0;3.1622776601683795
243;2;2.0;1.0
244;1;1.0;0.0
245;1;1.0;0.0
246;5;8.0;3.1622776601683795
247;13;33.0;5.385164807134504
248;1;1.0;0.0
249;2;2.0;1.0
250;4;7.0;2.23606797749979
251;1;1.0;0.0
252;17;40.0;8.48528137423857
253;4;7.0;1.4142135623730951
254;7;11.0;5.0
255;3;5.0;2.0
256;2;2.0;1.0
257;10;14.0;5.0
258;4;4.0;2.23606797749979
259;4;6.0;2.23606797749979
260;5;9.0;2.8284271247461903
261;11;14.0;5.0990195135927845
262;6;11.0;3.605551275463989
263;5;5.0;2.0
264;13;26.0;5.385164807134504
265;10;17.0;4.242640687119285
266;4;6.0;1.4142135623730951
267;1;1.0;0.0
268;3;3.0;1.4142135623730951
269;1;1.0;0.0
270;2;2.0;1.0
271;2;2.0;1.0
272;7;13.0;2.23606797749979
273;7;13.0;3.605551275463989
274;3;4.0;1.4142135623730951
275;5;7.0;3.1622776601683795
276;9;15.0;4.123105625617661
277;4;4.0;2.23606797749979
278;6;9.0;3.1622776601683795
279;4;6.0;2.0
280;9;26.0;3.1622776601683795
281;3;3.0;1.4142135623730951
282;17;29.0;6.082762530298219
283;2;3.0;1.0
284;2;2.0;1.0
285;1;1.0;0.0
286;5;8.0;3.1622776601683795
287;2;2.0;1.0
288;5;11.0;3.1622776601683795
289;11;22.0;4.242640687119285
290;1;1.0;0.0
291;7;10.0;2.8284271247461903
292;2;2.0;1.0
293;1;1.0;0.0
294;3;3.0;2.0
295;4;4.0;2.23606797749979
296;9;28.0;6.082762530298219
297;13;19.0;4.47213595499958
298;5;5.0;2.23606797749979
299;4;5.0;2.23606797749979
300;2;2.0;1.0
301;4;5.0;1.4142135623730951
302;6;6.0;2.23606797749979
303;2;2.0;1.0
304;5;7.0;4.0
305;13;35.0;4.123105625617661
306;4;5.0;2.23606797749979
307;2;2.0;1.0
308;1;1.0;0.0
309;19;41.0;9.219544457292887
310;1;1.0;0.0
311;4;6.0;2.23606797749979
312;2;2.0;1.0
313;1;1.0;0.0
314;3;4.0;2.0
315;1;1.0;0.0
316;2;2.0;1.0
317;1;1.0;0.0
318;13;30.0;7.810249675906654
319;1;1.0;0.0
320;6;8.0;4.123105625617661
321;2;2.0;1.0
322;1;1.0;0.0
323;11;54.0;5.385164807134504
324;4;4.0;3.0
325;6;11.0;3.605551275463989
326;3;3.0;1.4142135623730951
327;5;7.0;2.8284271247461903
328;14;24.0;3.605551275463989
329;3;5.0;1.4142135623730951
330;8;15.0;3.605551275463989
331;2;2.0;1.0
332;5;6.0;3.1622776601683795
333;5;8.0;3.1622776601683795
334;8;15.0;3.1622776601683795
335;11;15.0;4.0
336;5;6.0;3.1622776601683795
337;3;4.0;2.0
338;5;8.0;2.0
339;1;1.0;0.0
340;1;1.0;0.0
341;2;2.0;1.0
342;11;26.0;4.242640687119285
343;2;2.0;1.0
344;6;9.0;3.605551275463989
345;1;1.0;0.0
346;1;1.0;0.0
347;3;4.0;1.4142135623730951
348;4;5.0;2.23606797749979
349;4;5.0;3.0
350;12;23.0;5.0
351;14;32.0;8.06225774829855
352;5;10.0;3.1622776601683795
353;2;2.0;1.0
354;7;25.0;4.123105625617661
355;6;8.0;2.23606797749979
356;2;2.0;1.0
357;3;3.0;1.4142135623730951
358;1;1.0;0.0
359;7;21.0;4.123105625617661
360;2;2.0;1.0
361;2;3.0;1.0
362;2;2.0;1.0
363;5;8.0;3.1622776601683795
364;2;2.0;1.0
365;2;2.0;1.0
366;11;46.0;6.708203932499369
367;6;8.0;2.23606797749979
368;1;1.0;0.0
369;1;1.0;0.0
370;6;12.0;5.0
371;9;24.0;5.830951894845301
372;3;4.0;2.0
373;1;1.0;0.0
374;8;10.0;5.385164807134504
375;1;1.0;0.0
376;7;13.0;2.8284271247461903
377;2;2.0;1.0
378;1;1.0;0.0
379;4;4.0;2.23606797749979
380;11;23.0;5.830951894845301
381;7;8.0;3.1622776601683795
382;1;1.0;0.0
383;3;6.0;1.4142135623730951
384;10;15.0;5.385164807134504
385;1;1.0;0.0
386;3;3.0;1.4142135623730951
387;2;2.0;1.0
388;4;4.0;2.23606797749979
389;7;16.0;3.1622776601683795
390;13;48.0;5.0990195135927845
391;3;4.0;1.4142135623730951
392;3;3.0;2.0
393;5;6.0;2.23606797749979
394;3;3.0;1.4142135623730951
395;1;1.0;0.0
396;3;4.0;1.4142135623730951
397;3;3.0;1.4142135623730951
398;1;1.0;0.0
399;6;13.0;3.1622776601683795
400;2;2.0;1.0
401;6;13.0;3.1622776601683795
402;10;18.0;6.082762530298219
403;1;1.0;0.0
404;9;14.0;5.830951894845301
405;13;15.0;5.656854249492381
406;3;4.0;2.0
407;2;2.0;1.0
408;4;6.0;2.23606797749979
409;9;27.0;4.242640687119285
410;3;3.0;1.4142135623730951
411;4;4.0;2.23606797749979
412;5;5.0;1.4142135623730951
413;10;15.0;5.0
414;2;2.0;1.0
415;4;6.0;2.23606797749979
416;8;19.0;4.242640687119285
417;20;26.0;6.324555320336759
418;1;1.0;0.0
419;5;6.0;2.23606797749979
420;1;1.0;0.0
421;2;2.0;1.0
422;1;1.0;0.0
423;5;9.0;3.1622776601683795
424;17;43.0;7.810249675906654
425;8;18.0;4.123105625617661
426;14;20.0;5.0990195135927845
427;5;8.0;1.4142135623730951
428;12;21.0;3.1622776601683795
429;2;2.0;1.0
430;14;35.0;5.0
431;2;2.0;1.0
432;4;4.0;1.4142135623730951
433;16;44.0;4.47213595499958
434;1;1.0;0.0
435;1;1.0;0.0
436;1;1.0;0.0
437;4;5.0;2.23606797749979
438;3;3.0;1.4142135623730951
439;11;25.0;6.082762530298219
440;1;1.0;0.0
441;2;2.0;1.0
442;2;2.0;1.0
443;20;38.0;5.830951894845301
444;5;5.0;2.8284271247461903
445;1;1.0;0.0
446;1;1.0;0.0
447;2;2.0;1.0
448;20;50.0;6.0
449;4;5.0;1.4142135623730951
450;2;3.0;1.0
451;1;1.0;0.0
452;1;1.0;0.0
453;8;17.0;3.1622776601683795
454;11;28.0;4.242640687119285
455;6;9.0;3.605551275463989
456;2;3.0;1.0
457;4;4.0;2.23606797749979
458;1;1.0;0.0
459;3;3.0;1.4142135623730951
460;7;20.0;2.8284271247461903
461;17;39.0;7.211102550927978
462;1;1.0;0.0
463;7;11.0;4.242640687119285
464;1;1.0;0.0
465;1;1.0;0.0
466;19;40.0;6.324555320336759
467;7;12.0;2.8284271247461903
468;1;1.0;0.0
469;1;1.0;0.0
470;1;1.0;0.0
471;2;2.0;1.0
472;1;1.0;0.0
473;8;20.0;5.0
474;7;21.0;3.1622776601683795
475;4;4.0;1.4142135623730951
476;6;8.0;2.23606797749979
477;7;10.0;3.1622776601683795
478;6;11.0;3.1622776601683795
479;2;2.0;1.0
480;2;2.0;1.0
481;9;10.0;4.123105625617661
482;10;17.0;3.605551275463989
483;2;2.0;1.0
484;9;19.0;3.1622776601683795
485;1;1.0;0.0
486;2;2.0;1.0
487;20;41.0;7.615773105863909
488;4;5.0;3.0
489;2;2.0;1.0
490;2;2.0;1.0
491;7;8.0;3.1622776601683795
492;4;4.0;3.0
493;1;1.0;0.0
494;1;1.0;0.0
495;3;4.0;2.0
496;1;1.0;0.0
497;1;1.0;0.0
498;9;26.0;6.324555320336759
499;11;21.0;4.123105625617661
500;9;22.0;5.0
501;3;3.0;1.4142135623730951
502;4;4.0;2.23606797749979
503;6;19.0;4.123105625617661
504;3;3.0;1.4142135623730951
505;4;7.0;2.23606797749979
506;5;12.0;2.23606797749979
507;3;3.0;1.4142135623730951
508;3;4.0;1.4142135623730951
509;9;31.0;6.0
510;5;5.0;2.0
511;1;1.0;0.0
512;1;1.0;0.0
513;6;9.0;2.23606797749979
514;5;10.0;2.23606797749979
515;9;31.0;3.605551275463989
516;3;4.0;2.0
517;4;5.0;2.23606797749979
518;3;5.0;1.4142135623730951
519;5;7.0;3.0
520;9;16.0;5.0990195135927845
521;4;4.0;1.4142135623730951
522;6;11.0;2.8284271247461903
523;3;4.0;1.4142135623730951
524;2;3.0;1.0
525;29;57.0;7.810249675906654
526;5;6.0;2.23606797749979
527;3;5.0;2.0
528;1;1.0;0.0
529;3;3.0;2.0
530;2;2.0;1.0
531;6;8.0;3.1622776601683795
532;1;1.0;0.0
533;14;37.0;8.602325267042627
534;10;18.0;5.0
535;8;8.0;2.23606797749979
536;4;7.0;2.23606797749979
537;9;27.0;5.0990195135927845
538;5;8.0;3.1622776601683795
539;3;5.0;2.0
540;1;1.0;0.0
541;2;2.0;1.0
542;2;2.0;1.0
543;5;5.0;2.23606797749979
544;4;5.0;2.23606797749979
545;9;18.0;3.1622776601683795
546;4;4.0;2.23606797749979
547;7;12.0;2.8284271247461903
548;1;1.0;0.0
549;1;1.0;0.0
550;1;1.0;0.0
551;3;3.0;2.0
552;17;30.0;6.082762530298219
553;5;8.0;2.23606797749979
554;1;1.0;0.0
555;1;1.0;0.0
556;4;4.0;2.23606797749979
557;3;4.0;1.4142135623730951
558;1;1.0;0.0
559;3;4.0;2.0
560;5;6.0;2.23606797749979
561;8;17.0;3.605551275463989
562;4;4.0;2.23606797749979
563;4;8.0;2.23606797749979
564;7;13.0;3.1622776601683795
565;1;1.0;0.0
566;6;8.0;3.1622776601683795
567;2;2.0;1.0
568;10;27.0;4.242640687119285
569;1;1.0;0.0
570;3;3.0;1.4142135623730951
571;2;2.0;1.0
572;11;32.0;5.0
573;10;19.0;4.123105625617661
574;3;4.0;1.4142135623730951
575;9;16.0;5.0
576;1;1.0;0.0
577;11;18.0;5.0
578;9;19.0;5.0
579;5;8.0;2.23606797749979
580;6;12.0;3.605551275463989
581;9;11.0;2.23606797749979
582;1;1.0;0.0
583;1;1.0;0.0
584;13;24.0;5.0990195135927845
585;1;1.0;0.0
586;2;4.0;1.0
587;8;13.0;3.0
588;4;4.0;1.4142135623730951
589;3;3.0;1.4142135623730951
590;1;1.0;0.0
591;3;4.0;1.4142135623730951
592;12;18.0;4.47213595499958
593;3;3.0;1.4142135623730951
594;8;9.0;2.8284271247461903
595;4;5.0;2.23606797749979
596;12;27.0;6.082762530298219
597;11;18.0;3.605551275463989
598;1;1.0;0.0
599;1;1.0;0.0
600;3;5.0;1.4142135623730951
601;13;22.0;5.830951894845301
602;4;5.0;2.23606797749979
603;2;2.0;1.0
604;4;8.0;2.23606797749979
605;8;15.0;3.605551275463989
606;3;4.0;1.4142135623730951
607;11;22.0;7.211102550927978
608;1;1.0;0.0
609;1;1.0;0.0
610;2;2.0;1.0
611;2;2.0;1.0
612;2;2.0;1.0
613;6;9.0;2.8284271247461903
614;3;3.0;2.0
615;5;5.0;3.1622776601683795
616;1;1.0;0.0
617;13;30.0;5.830951894845301
618;1;1.0;0.0
619;11;24.0;5.385164807134504
620;3;4.0;2.0
621;8;14.0;3.605551275463989
622;2;2.0;1.0
623;14;20.0;6.4031242374328485
624;1;1.0;0.0
625;1;1.0;0.0
626;6;7.0;3.1622776601683795
627;1;1.0;0.0
628;7;12.0;3.1622776601683795
629;4;5.0;1.4142135623730951
630;1;1.0;0.0
631;3;3.0;1.4142135623730951
632;7;11.0;4.0
633;10;16.0;4.123105625617661
634;8;26.0;5.0990195135927845
635;4;4.0;2.23606797749979
636;4;6.0;2.23606797749979
637;1;1.0;0.0
638;9;24.0;3.1622776601683795
639;2;2.0;1.0
640;13;29.0;5.0990195135927845
641;4;6.0;2.0
642;2;2.0;1.0
643;5;6.0;2.8284271247461903
644;1;1.0;0.0
645;8;16.0;3.605551275463989
646;2;2.0;1.0
647;3;3.0;1.4142135623730951
648;1;1.0;0.0
649;4;5.0;1.4142135623730951
650;1;1.0;0.0
651;10;17.0;5.0990195135927845
652;7;27.0;4.123105625617661
653;5;14.0;3.1622776601683795
654;7;9.0;3.1622776601683795
655;8;14.0;3.605551275463989
656;3;6.0;2.0
657;3;3.0;2.0
658;3;4.0;1.4142135623730951
659;2;2.0;1.0
660;1;1.0;0.0
661;3;3.0;1.4142135623730951
662;2;3.0;1.0
663;6;10.0;4.123105625617661
664;2;2.0;1.0
665;2;2.0;1.0
666;11;28.0;5.830951894845301
667;4;4.0;2.23606797749979
668;2;2.0;1.0
669;17;52.0;5.0
670;2;2.0;1.0
671;2;2.0;1.0
672;6;13.0;3.1622776601683795
673;3;6.0;2.0
674;3;3.0;1.4142135623730951
675;2;2.0;1.0
676;15;26.0;5.385164807134504
677;7;13.0;4.123105625617661
678;1;1.0;0.0
679;2;2.0;1.0
680;1;1.0;0.0
681;12;24.0;3.605551275463989
682;1;1.0;0.0
683;5;7.0;3.1622776601683795
684;4;6.0;1.4142135623730951
685;1;1.0;0.0
686;11;19.0;4.47213595499958
687;1;1.0;0.0
688;4;5.0;2.23606797749979
689;3;4.0;1.4142135623730951
690;1;1.0;0.0
691;11;20.0;5.385164807134504
692;4;5.0;1.4142135623730951
693;1;1.0;0.0
694;16;33.0;7.211102550927978
695;11;24.0;4.123105625617661
696;1;1.0;0.0
697;2;2.0;1.0
698;2;2.0;1.0
699;2;2.0;1.0
700;8;13.0;4.47213595499958
701;1;1.0;0.0
702;3;3.0;2.0
703;17;27.0;6.4031242374328485
704;7;8.0;4.47213595499958
705;2;2.0;1.0
706;12;28.0;4.123105625617661
707;3;4.0;1.4142135623730951
708;2;2.0;1.0
709;7;15.0;4.0
710;2;3.0;1.0
711;1;1.0;0.0
712;5;5.0;2.23606797749979
713;7;11.0;5.0990195135927845
714;6;13.0;3.1622776601683795
715;4;7.0;3.0
716;10;33.0;4.47213595499958
717;7;9.0;2.8284271247461903
718;3;4.0;1.4142135623730951
719;1;1.0;0.0
720;4;6.0;2.23606797749979
721;1;1.0;0.0
722;1;1.0;0.0
723;9;22.0;5.0
724;4;8.0;2.23606797749979
725;7;14.0;3.1622776601683795
726;1;1.0;0.0
727;2;2.0;1.0
728;1;1.0;0.0
729;1;1.0;0.0
730;1;1.0;0.0
731;10;27.0;5.385164807134504
732;11;32.0;4.123105625617661
733;5;14.0;2.23606797749979
734;9;18.0;5.830951894845301
735;6;7.0;3.0
736;1;1.0;0.0
737;1;1.0;0.0
738;4;5.0;2.23606797749979
739;1;1.0;0.0
740;2;2.0;1.0
741;3;3.0;1.4142135623730951
742;1;1.0;0.0
743;4;5.0;2.23606797749979
744;5;11.0;2.8284271247461903
745;11;40.0;6.324555320336759
746;8;14.0;5.385164807134504
747;6;6.0;3.1622776601683795
748;2;2.0;1.0
749;1;1.0;0.0
750;3;3.0;1.4142135623730951
751;9;28.0;5.830951894845301
752;1;1.0;0.0
753;13;26.0;7.0710678118654755
754;3;3.0;2.0
755;9;12.0;5.0
756;1;1.0;0.0
757;2;2.0;1.0
758;9;14.0;5.0990195135927845
759;7;16.0;4.47213595499958
760;2;2.0;1.0
761;5;5.0;2.23606797749979
762;7;11.0;5.0990195135927845
763;7;11.0;4.123105625617661
764;8;14.0;4.242640687119285
765;1;1.0;0.0
766;6;8.0;4.123105625617661
767;3;3.0;1.4142135623730951
768;3;3.0;1.4142135623730951
769;14;37.0;6.4031242374328485
770;9;13.0;4.0
771;14;27.0;5.830951894845301
772;1;1.0;0.0
773;3;4.0;2.0
774;7;9.0;3.1622776601683795
775;2;3.0;1.0
776;4;5.0;2.23606797749979
777;6;15.0;3.1622776601683795
778;8;16.0;4.47213595499958
779;12;23.0;6.324555320336759
780;3;5.0;1.4142135623730951
781;1;1.0;0.0
782;3;3.0;1.4142135623730951
783;3;3.0;1.4142135623730951
784;1;1.0;0.0
785;3;3.0;2.0
786;8;14.0;4.123105625617661
787;8;23.0;5.0
788;2;2.0;1.0
789;5;5.0;1.4142135623730951
790;4;4.0;1.4142135623730951
791;1;1.0;0.0
792;10;23.0;5.385164807134504
793;5;6.0;3.1622776601683795
794;4;7.0;2.23606797749979
795;17;34.0;7.211102550927978
796;1;1.0;0.0
797;2;2.0;1.0
798;5;6.0;2.23606797749979
799;2;2.0;1.0
800;8;14.0;3.605551275463989
801;11;40.0;4.242640687119285
802;2;2.0;1.0
803;3;3.0;2.0
804;4;6.0;2.0
805;2;2.0;1.0
806;2;2.0;1.0
807;5;12.0;2.23606797749979
808;4;6.0;2.23606797749979
809;3;3.0;2.0
810;1;1.0;0.0
811;2;2.0;1.0
812;1;1.0;0.0
813;10;20.0;5.385164807134504
814;11;26.0;4.47213595499958
815;2;2.0;1.0
816;4;4.0;2.23606797749979
817;9;17.0;4.47213595499958
818;5;5.0;3.1622776601683795
819;16;30.0;5.0990195135927845
820;1;1.0;0.0
821;23;36.0;6.324555320336759
822;5;5.0;2.0
823;5;5.0;3.1622776601683795
824;4;5.0;2.23606797749979
825;1;1.0;0.0
826;8;9.0;3.605551275463989
827;2;2.0;1.0
828;1;1.0;0.0
829;11;24.0;5.0990195135927845
830;3;3.0;1.4142135623730951
831;6;10.0;3.1622776601683795
832;3;3.0;1.4142135623730951
833;1;1.0;0.0
834;16;28.0;5.0
835;3;4.0;2.0
836;1;1.0;0.0
837;1;1.0;0.0
838;1;1.0;0.0
839;7;8.0;4.123105625617661
840;7;18.0;4.47213595499958
841;18;38.0;7.280109889280518
842;3;3.0;2.0
843;8;12.0;4.47213595499958
844;2;2.0;1.0
845;1;1.0;0.0
846;4;4.0;3.0
847;11;17.0;4.0
848;12;25.0;3.605551275463989
849;6;7.0;3.1622776601683795
850;1;1.0;0.0
851;2;2.0;1.0
852;8;11.0;5.385164807134504
853;2;3.0;1.0
854;9;25.0;5.656854249492381
855;1;1.0;0.0
856;5;6.0;3.1622776601683795
857;2;2.0;1.0
858;8;11.0;3.605551275463989
859;7;10.0;3.1622776601683795
860;6;11.0;3.605551275463989
861;1;1.0;0.0
862;22;37.0;6.082762530298219
863;7;9.0;4.0
864;10;13.0;6.4031242374328485
865;5;8.0;2.8284271247461903
866;1;1.0;0.0
867;2;2.0;1.0
868;4;10.0;3.0
869;1;1.0;0.0
870;5;13.0;3.1622776601683795
871;3;5.0;2.0
872;3;3.0;1.4142135623730951
873;8;15.0;3.1622776601683795
874;2;2.0;1.0
875;4;10.0;2.23606797749979
876;17;51.0;6.324555320336759
877;2;3.0;1.0
878;3;6.0;2.0
879;5;8.0;2.23606797749979
880;6;10.0;2.23606797749979
881;1;1.0;0.0
882;2;2.0;1.0
883;3;4.0;2.0
884;15;23.0;5.830951894845301
885;6;10.0;2.23606797749979
886;1;1.0;0.0
887;5;6.0;2.23606797749979
888;5;7.0;3.1622776601683795
889;7;19.0;4.123105625617661
890;8;11.0;3.605551275463989
891;2;2.0;1.0
892;2;2.0;1.0
893;8;20.0;3.605551275463989
894;3;3.0;2.0
895;1;1.0;0.0
896;4;5.0;3.0
897;2;2.0;1.0
898;5;8.0;2.23606797749979
899;4;5.0;2.0
900;11;30.0;5.385164807134504
901;1;1.0;0.0
902;2;2.0;1.0
903;17;36.0;7.211102550927978
904;1;1.0;0.0
905;3;5.0;1.4142135623730951
906;3;4.0;2.0
907;18;24.0;5.0990195135927845
908;2;2.0;1.0
909;1;1.0;0.0
910;5;5.0;2.23606797749979
911;1;1.0;0.0
912;5;8.0;2.23606797749979
913;16;33.0;6.4031242374328485
914;4;5.0;2.23606797749979
915;7;13.0;4.242640687119285
916;2;2.0;1.0
917;12;23.0;7.0710678118654755
918;5;8.0;3.1622776601683795
919;2;2.0;1.0
920;1;1.0;0.0
921;11;20.0;6.082762530298219
922;4;6.0;2.23606797749979
923;6;15.0;4.0
924;1;1.0;0.0
925;10;20.0;5.385164807134504
926;2;3.0;1.0
927;1;1.0;0.0
928;2;3.0;1.0
929;11;32.0;7.0710678118654755
930;7;11.0;4.47213595499958
931;4;5.0;3.0
932;10;18.0;3.605551275463989
933;1;1.0;0.0
934;4;7.0;2.23606797749979
935;9;12.0;5.0
936;5;8.0;2.23606797749979
937;8;17.0;4.123105625617661
938;1;1.0;0.0
939;9;12.0;4.242640687119285
940;3;3.0;1.4142135623730951
941;6;7.0;4.123105625617661
942;8;9.0;2.23606797749979
943;19;44.0;6.708203932499369
944;2;2.0;1.0
945;3;5.0;1.4142135623730951
946;1;1.0;0.0
947;9;23.0;4.242640687119285
948;6;7.0;2.23606797749979
949;2;2.0;1.0
950;9;14.0;3.1622776601683795
951;5;9.0;3.0
952;1;1.0;0.0
953;15;39.0;4.47213595499958
954;2;2.0;1.0
955;4;6.0;2.23606797749979
956;9;26.0;5.0
957;1;1.0;0.0
958;5;6.0;2.23606797749979
959;2;2.0;1.0
960;1;1.0;0.0
961;6;11.0;3.605551275463989
962;1;1.0;0.0
963;2;2.0;1.0
964;6;11.0;4.123105625617661
965;13;26.0;5.656854249492381
966;6;8.0;2.23606797749979
967;1;1.0;0.0
968;1;1.0;0.0
969;1;1.0;0.0
970;2;3.0;1.0
971;1;1.0;0.0
972;2;2.0;1.0
973;11;31.0;4.242640687119285
974;1;1.0;0.0
975;13;24.0;3.605551275463989
976;11;22.0;5.830951894845301
977;6;11.0;2.8284271247461903
978;1;1.0;0.0
979;1;1.0;0.0
980;1;1.0;0.0
981;18;35.0;7.280109889280518
982;1;1.0;0.0
983;5;9.0;2.8284271247461903
984;3;3.0;2.0
985;1;1.0;0.0
986;1;1.0;0.0
987;1;1.0;0.0
988;9;18.0;5.0
989;4;6.0;2.23606797749979
990;6;8.0;2.8284271247461903
991;2;2.0;1.0
992;15;30.0;6.0
993;5;6.0;2.23606797749979
994;2;2.0;1.0
995;4;6.0;2.23606797749979
996;2;2.0;1.0
997;10;16.0;5.0990195135927845
998;1;1.0;0.0
999;1;1.0;0.0
1000;9;10.0;2.0
1001;13;32.0;7.211102550927978
1002;3;4.0;1.4142135623730951
1003;4;6.0;2.23606797749979
1004;4;4.0;2.23606797749979
1005;2;2.0;1.0
1006;1;1.0;0.0
1007;2;2.0;1.0
1008;2;2.0;1.0
1009;6;6.0;2.23606797749979
1010;3;3.0;1.4142135623730951
1011;6;11.0;3.1622776601683795
1012;5;9.0;3.1622776601683795
1013;15;31.0;5.830951894845301
1014;6;12.0;3.605551275463989
1015;1;1.0;0.0
1016;2;2.0;1.0
1017;3;3.0;2.0
1018;13;47.0;7.615773105863909
1019;2;2.0;1.0
1020;1;1.0;0.0
1021;3;4.0;1.4142135623730951
1022;3;5.0;2.0
1023;2;2.0;1.0
1024;8;24.0;3.605551275463989
1025;13;30.0;5.0
1026;1;1.0;0.0
1027;1;1.0;0.0
1028;1;1.0;0.0
1029;2;2.0;1.0
1030;6;11.0;3.1622776601683795
1031;3;4.0;2.0
1032;5;8.0;1.4142135623730951
1033;9;11.0;4.242640687119285
1034;1;1.0;0.0
1035;7;14.0;3.1622776601683795
1036;1;1.0;0.0
1037;1;1.0;0.0
1038;1;1.0;0.0
1039;1;1.0;0.0
1040;1;1.0;0.0
1041;7;10.0;5.0990195135927845
1042;11;28.0;4.47213595499958
1043;1;1.0;0.0
1044;9;11.0;3.1622776601683795
1045;15;38.0;6.324555320336759
1046;6;10.0;2.23606797749979
1047;2;2.0;1.0
1048;2;2.0;1.0
1049;10;11.0;3.605551275463989
1050;1;1.0;0.0
1051;1;1.0;0.0
1052;8;17.0;6.082762530298219
1053;2;2.0;1.0
1054;2;2.0;1.0
1055;5;8.0;3.1622776601683795
1056;2;2.0;1.0
1057;1;1.0;0.0
1058;10;27.0;5.385164807134504
1059;5;10.0;2.8284271247461903
1060;9;11.0;2.8284271247461903
1061;2;2.0;1.0
1062;2;2.0;1.0
1063;1;1.0;0.0
1064;8;21.0;4.242640687119285
1065;1;1.0;0.0
1066;5;7.0;2.23606797749979
1067;4;5.0;2.0
1068;1;1.0;0.0
1069;7;29.0;5.0990195135927845
1070;1;1.0;0.0
1071;3;4.0;1.4142135623730951
1072;2;2.0;1.0
1073;1;1.0;0.0
1074;4;12.0;3.0
1075;9;22.0;4.47213595499958
1076;4;5.0;2.23606797749979
1077;15;30.0;7.615773105863909
1078;2;3.0;1.0
1079;1;1.0;0.0
1080;1;1.0;0.0
1081;8;17.0;4.242640687119285
1082;4;5.0;1.4142135623730951
1083;3;3.0;1.4142135623730951
1084;11;17.0;6.082762530298219
1085;4;6.0;2.23606797749979
1086;3;3.0;1.4142135623730951
1087;2;2.0;1.0
1088;7;8.0;4.47213595499958
1089;3;3.0;1.4142135623730951
1090;7;12.0;3.605551275463989
1091;9;24.0;5.0
1092;1;1.0;0.0
1093;5;7.0;3.1622776601683795
1094;4;8.0;2.23606797749979
1095;12;14.0;2.8284271247461903
1096;3;4.0;1.4142135623730951
1097;1;1.0;0.0
1098;2;3.0;1.0
1099;7;16.0;4.242640687119285
1100;3;3.0;1.4142135623730951
1101;1;1.0;0.0
1102;1;1.0;0.0
1103;2;2.0;1.0
1104;2;3.0;1.0
1105;1;1.0;0.0
1106;1;1.0;0.0
1107;1;1.0;0.0
1108;24;81.0;5.830951894845301
1109;1;1.0;0.0
1110;1;1.0;0.0
1111;13;24.0;5.656854249492381
1112;9;11.0;5.0990195135927845
1113;3;4.0;1.4142135623730951
1114;1;1.0;0.0
1115;2;2.0;1.0
1116;7;10.0;4.47213595499958
1117;9;12.0;4.242640687119285
1118;16;54.0;5.830951894845301
1119;6;10.0;2.8284271247461903
1120;2;2.0;1.0
1121;9;11.0;2.8284271247461903
1122;6;8.0;2.8284271247461903
1123;3;4.0;1.4142135623730951
1124;1;1.0;0.0
1125;4;7.0;3.0
1126;2;2.0;1.0
1127;10;15.0;4.242640687119285
1128;3;3.0;2.0
1129;5;8.0;2.8284271247461903
1130;20;45.0;6.708203932499369
1131;21;61.0;7.211102550927978
1132;3;3.0;1.4142135623730951
1133;8;9.0;5.0
1134;4;7.0;2.23606797749979
1135;8;19.0;4.47213595499958
1136;2;2.0;1.0
1137;3;4.0;1.4142135623730951
1138;4;5.0;2.23606797749979
1139;6;8.0;3.1622776601683795
1140;15;27.0;6.324555320336759
1141;1;1.0;0.0
1142;2;2.0;1.0
1143;10;20.0;3.605551275463989
1144;1;1.0;0.0
1145;2;2.0;1.0
1146;5;5.0;2.8284271247461903
1147;2;2.0;1.0
1148;5;6.0;2.23606797749979
1149;1;1.0;0.0
1150;15;54.0;5.830951894845301
1151;1;1.0;0.0
1152;1;1.0;0.0
1153;11;22.0;5.0990195135927845
1154;7;10.0;2.8284271247461903
1155;4;6.0;2.23606797749979
1156;1;1.0;0.0
1157;1;1.0;0.0
1158;11;22.0;5.0
1159;4;9.0;3.0
1160;19;48.0;9.219544457292887
1161;6;12.0;4.123105625617661
1162;17;32.0;6.324555320336759
1163;2;2.0;1.0
1164;8;12.0;2.8284271247461903
1165;2;2.0;1.0
1166;13;37.0;7.211102550927978
1167;7;8.0;4.123105625617661
1168;1;1.0;0.0
1169;5;12.0;2.8284271247461903
1170;3;3.0;1.4142135623730951
1171;4;4.0;2.23606797749979
1172;2;2.0;1.0
1173;5;5.0;2.0
1174;4;5.0;2.23606797749979
1175;1;1.0;0.0
1176;8;9.0;3.605551275463989
1177;5;8.0;2.8284271247461903
1178;2;2.0;1.0
1179;4;5.0;2.23606797749979
1180;2;2.0;1.0
1181;24;81.0;6.4031242374328485
1182;1;1.0;0.0
1183;2;2.0;1.0
1184;16;21.0;5.385164807134504
1185;2;2.0;1.0
1186;3;4.0;2.0
1187;3;4.0;2.0
1188;3;5.0;2.0
1189;7;10.0;4.47213595499958
1190;5;7.0;2.23606797749979
1191;3;4.0;1.4142135623730951
1192;8;20.0;4.47213595499958
1193;5;8.0;2.23606797749979
1194;1;1.0;0.0
1195;1;1.0;0.0
1196;9;14.0;5.0990195135927845
1197;2;2.0;1.0
1198;2;2.0;1.0
1199;7;12.0;4.47213595499958
1200;2;2.0;1.0
1201;8;9.0;2.23606797749979
1202;17;32.0;5.656854249492381
1203;2;2.0;1.0
1204;4;7.0;2.23606797749979
1205;5;5.0;2.23606797749979
1206;7;23.0;5.0990195135927845
1207;8;19.0;3.605551275463989
1208;4;6.0;1.4142135623730951
1209;6;9.0;3.0
1210;2;2.0;1.0
1211;4;4.0;2.23606797749979
1212;10;27.0;4.123105625617661
1213;1;1.0;0.0
1214;3;5.0;1.4142135623730951
1215;1;1.0;0.0
1216;8;12.0;3.605551275463989
1217;17;42.0;5.385164807134504
1218;1;1.0;0.0
1219;1;1.0;0.0
1220;3;4.0;1.4142135623730951
1221;15;22.0;6.082762530298219
1222;10;37.0;5.0
1223;5;11.0;3.1622776601683795
1224;8;10.0;4.47213595499958
1225;1;1.0;0.0
1226;3;3.0;1.4142135623730951
1227;1;1.0;0.0
1228;3;3.0;2.0
1229;8;17.0;5.385164807134504
1230;12;39.0;6.4031242374328485
1231;2;2.0;1.0
1232;13;25.0;7.0710678118654755
1233;5;5.0;2.8284271247461903
1234;3;3.0;2.0
1235;2;2.0;1.0
1236;3;4.0;1.4142135623730951
1237;1;1.0;0.0
1238;2;2.0;1.0
1239;14;31.0;4.47213595499958
1240;9;29.0;5.0990195135927845
1241;14;22.0;5.385164807134504
1242;2;2.0;1.0
1243;1;1.0;0.0
1244;3;6.0;2.0
1245;2;2.0;1.0
1246;2;2.0;1.0
1247;3;3.0;2.0
1248;10;14.0;6.4031242374328485
1249;11;20.0;6.4031242374328485
1250;5;9.0;2.23606797749979
1251;2;3.0;1.0
1252;3;3.0;2.0
1253;2;2.0;1.0
1254;1;1.0;0.0
1255;3;4.0;1.4142135623730951
1256;2;3.0;1.0
1257;1;1.0;0.0
1258;2;2.0;1.0
1259;1;1.0;0.0
1260;1;1.0;0.0
1261;5;5.0;2.8284271247461903
1262;7;12.0;4.0
1263;4;8.0;2.23606797749979
1264;1;1.0;0.0
1265;7;12.0;4.0
1266;2;2.0;1.0
1267;11;20.0;5.0990195135927845
1268;12;19.0;5.656854249492381
1269;6;11.0;4.123105625617661
1270;7;10.0;3.605551275463989
1271;6;9.0;4.123105625617661
1272;3;4.0;2.0
1273;1;1.0;0.0
1274;3;7.0;2.0
1275;2;2.0;1.0
1276;5;7.0;2.23606797749979
1277;6;10.0;3.0
1278;11;28.0;5.0
1279;7;10.0;3.605551275463989
1280;1;1.0;0.0
1281;3;5.0;2.0
1282;2;2.0;1.0
1283;10;27.0;5.0
1284;1;1.0;0.0
1285;13;26.0;6.4031242374328485
1286;6;7.0;3.605551275463989
1287;3;5.0;1.4142135623730951
1288;1;1.0;0.0
1289;7;10.0;4.123105625617661
1290;5;6.0;2.8284271247461903
1291;1;1.0;0.0
1292;1;1.0;0.0
1293;11;24.0;6.4031242374328485
1294;5;5.0;2.8284271247461903
1295;7;9.0;3.605551275463989
1296;11;22.0;5.656854249492381
1297;4;7.0;2.23606797749979
1298;1;1.0;0.0
1299;1;1.0;0.0
1300;1;1.0;0.0
1301;6;8.0;3.1622776601683795
1302;3;3.0;1.4142135623730951
1303;2;2.0;1.0
1304;1;1.0;0.0
1305;5;10.0;3.1622776601683795
1306;7;11.0;3.1622776601683795
1307;1;1.0;0.0
1308;2;2.0;1.0
1309;13;36.0;6.4031242374328485
1310;3;4.0;2.0
1311;7;12.0;4.0
1312;1;1.0;0.0
1313;2;2.0;1.0
1314;6;15.0;4.123105625617661
1315;5;6.0;3.1622776601683795
1316;23;36.0;5.0
1317;2;3.0;1.0
1318;2;2.0;1.0
1319;3;4.0;1.4142135623730951
1320;1;1.0;0.0
1321;1;1.0;0.0
1322;3;5.0;1.4142135623730951
1323;9;23.0;5.385164807134504
1324;1;1.0;0.0
1325;3;6.0;2.0
1326;4;6.0;2.23606797749979
1327;8;23.0;5.385164807134504
1328;1;1.0;0.0
1329;13;20.0;4.123105625617661
1330;2;2.0;1.0
1331;7;14.0;2.8284271247461903
1332;3;4.0;1.4142135623730951
1333;11;23.0;3.0
1334;5;5.0;4.0
1335;1;1.0;0.0
1336;5;7.0;2.0
1337;2;2.0;1.0
1338;6;13.0;3.605551275463989
1339;2;2.0;1.0
1340;12;23.0;4.47213595499958
1341;1;1.0;0.0
1342;3;4.0;1.4142135623730951
1343;3;3.0;1.4142135623730951
1344;4;6.0;2.23606797749979
1345;13;19.0;5.385164807134504
1346;9;13.0;3.1622776601683795
1347;1;1.0;0.0
1348;5;6.0;2.23606797749979
1349;6;9.0;4.123105625617661
1350;16;29.0;4.47213595499958
1351;1;1.0;0.0
1352;12;19.0;4.47213595499958
1353;1;1.0;0.0
1354;5;7.0;3.1622776601683795
1355;1;1.0;0.0
1356;2;2.0;1.0
1357;12;28.0;5.0
1358;3;3.0;1.4142135623730951
1359;9;15.0;4.47213595499958
1360;4;4.0;2.23606797749979
1361;5;7.0;3.1622776601683795
1362;11;24.0;4.242640687119285
1363;2;2.0;1.0
1364;9;23.0;3.605551275463989
1365;2;3.0;1.0
1366;1;1.0;0.0
1367;10;19.0;5.0
1368;5;6.0;3.1622776601683795
1369;1;1.0;0.0
1370;2;2.0;1.0
1371;5;7.0;3.1622776601683795
1372;2;2.0;1.0
1373;4;5.0;1.4142135623730951
1374;5;5.0;3.1622776601683795
1375;1;1.0;0.0
1376;1;1.0;0.0
1377;1;1.0;0.0
1378;8;20.0;4.123105625617661
1379;5;11.0;3.1622776601683795
1380;1;1.0;0.0
1381;7;13.0;4.242640687119285
1382;13;30.0;5.830951894845301
1383;1;1.0;0.0
1384;4;5.0;2.23606797749979
1385;9;14.0;5.385164807134504
1386;1;1.0;0.0
1387;9;22.0;4.47213595499958
1388;9;10.0;4.242640687119285
1389;2;3.0;1.0
1390;2;3.0;1.0
1391;11;43.0;5.385164807134504
1392;12;30.0;4.123105625617661
1393;7;9.0;2.8284271247461903
1394;1;1.0;0.0
1395;4;4.0;2.23606797749979
1396;1;1.0;0.0
1397;4;5.0;3.0
1398;2;2.0;1.0
1399;2;2.0;1.0
1400;1;1.0;0.0
1401;14;26.0;5.0
1402;5;7.0;2.23606797749979
1403;1;1.0;0.0
1404;3;3.0;1.4142135623730951
1405;2;2.0;1.0
1406;3;3.0;1.4142135623730951
1407;11;19.0;2.23606797749979
1408;1;1.0;0.0
1409;5;5.0;3.1622776601683795
1410;1;1.0;0.0
1411;4;4.0;3.0
1412;10;19.0;5.0
1413;8;12.0;3.605551275463989
1414;1;1.0;0.0
1415;1;1.0;0.0
1416;5;7.0;2.8284271247461903
1417;6;14.0;3.605551275463989
1418;2;3.0;1.0
1419;6;10.0;3.1622776601683795
1420;1;1.0;0.0
1421;4;9.0;2.23606797749979
1422;9;19.0;5.0990195135927845
1423;2;2.0;1.0
1424;9;17.0;4.47213595499958
1425;2;2.0;1.0
1426;9;19.0;4.47213595499958
1427;1;1.0;0.0
1428;1;1.0;0.0
1429;2;2.0;1.0
1430;1;1.0;0.0
1431;14;26.0;3.605551275463989
1432;14;26.0;6.4031242374328485
1433;1;1.0;0.0
1434;1;1.0;0.0
1435;3;5.0;2.0
1436;2;2.0;1.0
1437;6;14.0;3.605551275463989
1438;15;26.0;6.324555320336759
1439;2;2.0;1.0
1440;4;7.0;2.23606797749979
1441;7;8.0;2.23606797749979
1442;2;2.0;1.0
1443;1;1.0;0.0
1444;1;1.0;0.0
1445;4;8.0;2.23606797749979
1446;1;1.0;0.0
1447;1;1.0;0.0
1448;12;28.0;6.324555320336759
1449;1;1.0;0.0
1450;9;22.0;4.242640687119285
1451;3;4.0;1.4142135623730951
1452;4;4.0;2.23606797749979
1453;3;3.0;1.4142135623730951
1454;1;1.0;0.0
1455;4;7.0;2.23606797749979
1456;6;11.0;3.0
1457;7;7.0;4.242640687119285
1458;1;1.0;0.0
1459;7;12.0;3.605551275463989
1460;2;2.0;1.0
1461;1;1.0;0.0
1462;9;15.0;4.123105625617661
1463;7;10.0;3.1622776601683795
1464;5;10.0;3.1622776601683795
1465;1;1.0;0.0
1466;1;1.0;0.0
1467;14;44.0;6.708203932499369
1468;6;11.0;4.0
1469;1;1.0;0.0
1470;5;8.0;2.23606797749979
1471;4;4.0;2.23606797749979
1472;8;23.0;4.0
1473;7;8.0;3.1622776601683795
1474;4;5.0;2.23606797749979
1475;2;2.0;1.0
1476;13;38.0;8.06225774829855
1477;2;3.0;1.0
1478;4;6.0;2.23606797749979
1479;8;8.0;2.23606797749979
1480;1;1.0;0.0
1481;1;1.0;0.0
1482;4;6.0;2.23606797749979
1483;1;1.0;0.0
1484;17;31.0;6.708203932499369
1485;11;21.0;4.47213595499958
1486;4;6.0;2.23606797749979
1487;14;19.0;7.211102550927978
1488;3;3.0;1.4142135623730951
1489;2;2.0;1.0
1490;14;17.0;3.605551275463989
1491;7;8.0;3.1622776601683795
1492;2;3.0;1.0
1493;7;10.0;3.1622776601683795
1494;4;7.0;3.0
1495;19;35.0;7.810249675906654
1496;5;7.0;1.4142135623730951
1497;11;19.0;5.830951894845301
1498;1;1.0;0.0
1499;4;6.0;2.23606797749979
1500;5;7.0;3.1622776601683795
1501;5;7.0;1.4142135623730951
1502;2;2.0;1.0
1503;3;3.0;2.0
1504;2;2.0;1.0
1505;23;79.0;6.4031242374328485
1506;4;6.0;2.23606797749979
1507;3;3.0;1.4142135623730951
1508;4;5.0;3.0
1509;6;10.0;3.605551275463989
1510;1;1.0;0.0
1511;1;1.0;0.0
1512;3;3.0;1.4142135623730951
1513;6;6.0;2.23606797749979
1514;9;13.0;3.605551275463989
1515;12;28.0;6.4031242374328485
1516;11;20.0;6.324555320336759
1517;1;1.0;0.0
1518;4;5.0;2.23606797749979
1519;2;2.0;1.0
1520;1;1.0;0.0
1521;23;50.0;7.211102550927978
1522;6;11.0;3.1622776601683795
1523;3;3.0;1.4142135623730951
1524;1;1.0;0.0
1525;2;2.0;1.0
1526;4;9.0;2.23606797749979
1527;14;41.0;4.47213595499958
1528;5;7.0;3.1622776601683795
1529;1;1.0;0.0
1530;5;7.0;2.23606797749979
1531;7;11.0;4.242640687119285
1532;8;11.0;2.8284271247461903
1533;6;6.0;1.4142135623730951
1534;1;1.0;0.0
1535;1;1.0;0.0
1536;4;6.0;2.23606797749979
1537;6;8.0;2.23606797749979
1538;9;37.0;4.47213595499958
1539;13;23.0;6.324555320336759
1540;3;3.0;1.4142135623730951
1541;5;5.0;3.1622776601683795
1542;4;5.0;1.4142135623730951
1543;3;4.0;1.4142135623730951
1544;11;24.0;5.656854249492381
1545;3;3.0;2.0
1546;1;1.0;0.0
1547;3;3.0;1.4142135623730951
1548;16;20.0;7.810249675906654
1549;1;1.0;0.0
1550;9;22.0;4.47213595499958
1551;12;17.0;3.605551275463989
1552;2;2.0;1.0
1553;3;5.0;2.0
1554;2;2.0;1.0
1555;1;1.0;0.0
1556;20;42.0;6.708203932499369
1557;3;4.0;2.0
1558;15;30.0;5.385164807134504
1559;4;5.0;2.23606797749979
1560;6;14.0;3.1622776601683795
1561;5;8.0;2.23606797749979
1562;5;9.0;2.23606797749979
1563;2;2.0;1.0
1564;10;19.0;5.0
1565;9;14.0;5.385164807134504
1566;14;26.0;5.830951894845301
1567;2;2.0;1.0
1568;3;3.0;1.4142135623730951
1569;2;2.0;1.0
1570;2;2.0;1.0
1571;5;10.0;3.1622776601683795
1572;10;25.0;5.0990195135927845
1573;6;6.0;2.23606797749979
1574;1;1.0;0.0
1575;11;24.0;5.656854249492381
1576;1;1.0;0.0
1577;6;12.0;3.1622776601683795
1578;2;2.0;1.0
1579;4;10.0;2.23606797749979
1580;3;3.0;1.4142135623730951
1581;1;1.0;0.0
1582;8;13.0;5.0990195135927845
1583;2;2.0;1.0
1584;6;10.0;2.23606797749979
1585;14;35.0;7.211102550927978
1586;4;6.0;2.23606797749979
1587;9;20.0;4.47213595499958
1588;6;6.0;3.605551275463989
1589;4;6.0;2.23606797749979
1590;2;2.0;1.0
1591;1;1.0;0.0
1592;2;2.0;1.0
1593;6;9.0;2.23606797749979
1594;11;28.0;4.47213595499958
1595;1;1.0;0.0
1596;12;30.0;5.830951894845301
1597;14;29.0;5.830951894845301
1598;1;1.0;0.0
1599;6;7.0;3.1622776601683795
1600;11;26.0;5.385164807134504
1601;2;3.0;1.0
1602;1;1.0;0.0
1603;3;3.0;2.0
1604;13;21.0;4.47213595499958
1605;4;4.0;2.23606797749979
1606;2;2.0;1.0
1607;2;2.0;1.0
1608;14;31.0;7.0
1609;5;7.0;1.4142135623730951
1610;1;1.0;0.0
1611;11;23.0;7.0710678118654755
1612;2;3.0;1.0
1613;5;12.0;2.23606797749979
1614;1;1.0;0.0
1615;6;10.0;2.8284271247461903
1616;2;2.0;1.0
1617;9;22.0;5.656854249492381
1618;1;1.0;0.0
1619;1;1.0;0.0
1620;3;4.0;1.4142135623730951
1621;1;1.0;0.0
1622;13;18.0;4.47213595499958
1623;2;2.0;1.0
1624;7;14.0;4.242640687119285
1625;3;3.0;1.4142135623730951
1626;3;4.0;1.4142135623730951
1627;5;9.0;2.23606797749979
1628;11;25.0;5.0
1629;5;5.0;2.23606797749979
1630;10;24.0;6.082762530298219
1631;6;13.0;3.1622776601683795
1632;5;9.0;2.23606797749979
1633;3;5.0;1.4142135623730951
1634;5;10.0;3.1622776601683795
1635;2;3.0;1.0
1636;2;2.0;1.0
1637;3;4.0;1.4142135623730951
1638;1;1.0;0.0
1639;4;7.0;2.23606797749979
1640;1;1.0;0.0
1641;10;18.0;5.385164807134504
1642;6;10.0;3.605551275463989
1643;1;1.0;0.0
1644;17;32.0;7.810249675906654
1645;4;6.0;2.23606797749979
1646;3;5.0;2.0
1647;4;5.0;1.4142135623730951
1648;8;12.0;3.605551275463989
1649;1;1.0;0.0
1650;17;31.0;5.0
1651;1;1.0;0.0
1652;6;9.0;4.123105625617661
1653;4;7.0;2.23606797749979
1654;8;12.0;3.1622776601683795
1655;2;2.0;1.0
1656;6;9.0;3.605551275463989
1657;1;1.0;0.0
1658;9;20.0;4.123105625617661
1659;4;7.0;2.23606797749979
1660;19;35.0;9.219544457292887
1661;5;6.0;2.23606797749979
1662;4;5.0;2.23606797749979
1663;3;3.0;2.0
1664;1;1.0;0.0
1665;20;56.0;6.4031242374328485
1666;2;2.0;1.0
1667;6;9.0;3.0
1668;3;3.0;1.4142135623730951
1669;1;1.0;0.0
1670;1;1.0;0.0
1671;2;2.0;1.0
1672;8;13.0;4.123105625617661
1673;1;1.0;0.0
1674;1;1.0;0.0
1675;11;34.0;5.0
1676;10;26.0;4.47213595499958
1677;11;28.0;5.0
1678;4;5.0;2.23606797749979
1679;3;3.0;2.0
1680;1;1.0;0.0
1681;1;1.0;0.0
1682;7;19.0;4.123105625617661
1683;2;2.0;1.0
1684;11;28.0;6.324555320336759
1685;2;3.0;1.0
1686;2;2.0;1.0
1687;5;5.0;2.23606797749979
1688;4;7.0;2.23606797749979
1689;8;34.0;5.385164807134504
1690;1;1.0;0.0
1691;3;4.0;1.4142135623730951
1692;12;29.0;6.4031242374328485
1693;6;10.0;2.23606797749979
1694;3;3.0;1.4142135623730951
1695;1;1.0;0.0
1696;11;20.0;5.385164807134504
1697;2;2.0;1.0
1698;6;9.0;3.605551275463989
1699;15;31.0;5.0990195135927845
1700;2;2.0;1.0
1701;4;7.0;2.23606797749979
1702;3;3.0;1.4142135623730951
1703;3;4.0;2.0
1704;4;4.0;2.23606797749979
1705;2;2.0;1.0
1706;15;57.0;5.830951894845301
1707;2;2.0;1.0
1708;11;18.0;4.47213595499958
1709;9;17.0;4.47213595499958
1710;3;4.0;1.4142135623730951
1711;7;14.0;3.1622776601683795
1712;1;1.0;0.0
1713;1;1.0;0.0
1714;4;7.0;2.23606797749979
1715;1;1.0;0.0
1716;4;6.0;2.23606797749979
1717;2;2.0;1.0
1718;4;5.0;2.23606797749979
1719;3;4.0;1.4142135623730951
1720;3;4.0;2.0
1721;1;1.0;0.0
1722;10;35.0;5.0990195135927845
1723;2;3.0;1.0
1724;8;12.0;5.385164807134504
1725;4;4.0;1.4142135623730951
1726;6;11.0;4.123105625617661
1727;4;10.0;2.23606797749979
1728;1;1.0;0.0
1729;1;1.0;0.0
1730;4;5.0;2.23606797749979
1731;1;1.0;0.0
1732;5;9.0;2.23606797749979
1733;8;14.0;5.0
1734;1;1.0;0.0
1735;7;10.0;2.8284271247461903
1736;20;42.0;6.4031242374328485
1737;1;1.0;0.0
1738;12;21.0;6.708203932499369
1739;2;2.0;1.0
1740;1;1.0;0.0
1741;4;6.0;2.23606797749979
1742;5;9.0;2.23606797749979
1743;1;1.0;0.0
1744;4;6.0;2.23606797749979
1745;4;5.0;2.23606797749979
1746;8;13.0;4.242640687119285
1747;3;4.0;1.4142135623730951
1748;7;9.0;3.1622776601683795
1749;2;2.0;1.0
1750;1;1.0;0.0
1751;1;1.0;0.0
1752;16;41.0;8.602325267042627
1753;2;2.0;1.0
1754;2;2.0;1.0
1755;16;35.0;6.708203932499369
1756;3;5.0;2.0
1757;1;1.0;0.0
1758;2;2.0;1.0
1759;4;5.0;1.4142135623730951
1760;10;19.0;4.47213595499958
1761;1;1.0;0.0
1762;13;27.0;6.082762530298219
1763;2;2.0;1.0
1764;15;26.0;4.47213595499958
1765;9;19.0;4.47213595499958
1766;2;2.0;1.0
1767;9;15.0;2.23606797749979
1768;2;2.0;1.0
1769;1;1.0;0.0
1770;4;4.0;2.23606797749979
1771;2;2.0;1.0
1772;20;38.0;4.47213595499958
1773;4;4.0;1.4142135623730951
1774;8;8.0;3.605551275463989
1775;5;11.0;3.1622776601683795
1776;8;10.0;5.0
1777;2;2.0;1.0
1778;1;1.0;0.0
1779;2;2.0;1.0
1780;6;11.0;4.123105625617661
1781;6;15.0;3.0
1782;3;4.0;2.0
1783;8;15.0;5.0
1784;4;6.0;2.23606797749979
1785;9;16.0;4.242640687119285
1786;1;1.0;0.0
1787;9;13.0;4.47213595499958
1788;8;13.0;5.0990195135927845
1789;1;1.0;0.0
1790;1;1.0;0.0
1791;1;1.0;0.0
1792;3;3.0;1.4142135623730951
1793;4;5.0;2.23606797749979
1794;12;19.0;6.324555320336759
1795;7;11.0;2.23606797749979
1796;1;1.0;0.0
1797;9;13.0;4.242640687119285
1798;9;11.0;5.0990195135927845
1799;2;2.0;1.0
1800;8;11.0;3.605551275463989
1801;7;11.0;5.0990195135927845
1802;14;31.0;5.656854249492381
1803;8;9.0;4.47213595499958
1804;2;2.0;1.0
1805;9;11.0;2.23606797749979
1806;1;1.0;0.0
1807;2;2.0;1.0
1808;6;11.0;3.605551275463989
1809;4;5.0;1.4142135623730951
1810;1;1.0;0.0
1811;4;7.0;2.23606797749979
1812;1;1.0;0.0
1813;1;1.0;0.0
1814;18;44.0;4.123105625617661
1815;13;37.0;4.47213595499958
1816;3;4.0;1.4142135623730951
1817;4;6.0;2.23606797749979
1818;7;10.0;4.47213595499958
1819;2;2.0;1.0
1820;4;5.0;2.23606797749979
1821;9;37.0;5.0990195135927845
1822;9;19.0;3.1622776601683795
1823;5;7.0;2.23606797749979
1824;6;8.0;2.8284271247461903
1825;1;1.0;0.0
1826;2;2.0;1.0
1827;2;2.0;1.0
1828;12;28.0;3.1622776601683795
1829;5;6.0;2.8284271247461903
1830;7;13.0;5.0990195135927845
1831;4;6.0;2.23606797749979
1832;2;2.0;1.0
1833;13;61.0;4.242640687119285
1834;8;12.0;4.47213595499958
1835;5;5.0;3.1622776601683795
1836;4;8.0;2.23606797749979
1837;1;1.0;0.0
1838;1;1.0;0.0
1839;1;1.0;0.0
1840;2;2.0;1.0
1841;4;5.0;1.4142135623730951
1842;1;1.0;0.0
1843;13;23.0;7.615773105863909
1844;9;26.0;5.656854249492381
1845;7;12.0;4.123105625617661
1846;18;28.0;7.810249675906654
1847;1;1.0;0.0
1848;4;4.0;2.23606797749979
1849;8;19.0;3.605551275463989
1850;5;7.0;3.1622776601683795
1851;8;14.0;3.1622776601683795
1852;1;1.0;0.0
1853;1;1.0;0.0
1854;1;1.0;0.0
1855;1;1.0;0.0
1856;14;23.0;7.810249675906654
1857;1;1.0;0.0
1858;1;1.0;0.0
1859;2;2.0;1.0
1860;2;2.0;1.0
1861;2;2.0;1.0
1862;1;1.0;0.0
1863;15;29.0;4.47213595499958
1864;1;1.0;0.0
1865;5;7.0;2.8284271247461903
1866;3;7.0;2.0
1867;4;6.0;2.23606797749979
1868;1;1.0;0.0
1869;2;3.0;1.0
1870;8;20.0;3.1622776601683795
1871;4;4.0;2.23606797749979
1872;4;4.0;1.4142135623730951
1873;13;34.0;6.708203932499369
1874;13;21.0;6.324555320336759
1875;5;6.0;4.0
1876;1;1.0;0.0
1877;2;3.0;1.0
1878;4;5.0;2.0
1879;1;1.0;0.0
1880;1;1.0;0.0
1881;7;18.0;4.242640687119285
1882;1;1.0;0.0
1883;12;50.0;6.4031242374328485
1884;6;15.0;3.1622776601683795
1885;1;1.0;0.0
1886;8;11.0;3.1622776601683795
1887;4;4.0;2.23606797749979
1888;6;17.0;3.605551275463989
1889;12;31.0;5.656854249492381
1890;15;42.0;4.47213595499958
1891;1;1.0;0.0
1892;1;1.0;0.0
1893;1;1.0;0.0
1894;6;6.0;2.23606797749979
1895;10;18.0;5.0
1896;1;1.0;0.0
1897;1;1.0;0.0
1898;4;6.0;2.23606797749979
1899;1;1.0;0.0
1900;1;1.0;0.0
1901;3;5.0;2.0
1902;1;1.0;0.0
1903;4;5.0;2.23606797749979
1904;8;15.0;4.47213595499958
1905;3;3.0;2.0
1906;3;5.0;1.4142135623730951
1907;1;1.0;0.0
1908;7;11.0;3.1622776601683795
1909;1;1.0;0.0
1910;9;32.0;5.0
1911;15;24.0;7.0710678118654755
1912;1;1.0;0.0
1913;3;3.0;1.4142135623730951
1914;8;11.0;3.605551275463989
1915;5;10.0;2.8284271247461903
1916;10;12.0;3.0
1917;7;12.0;3.1622776601683795
1918;5;6.0;2.8284271247461903
1919;2;2.0;1.0
1920;10;14.0;3.605551275463989
1921;1;1.0;0.0
1922;1;1.0;0.0
1923;3;3.0;2.0
1924;1;1.0;0.0
1925;13;33.0;4.47213595499958
1926;4;4.0;2.23606797749979
1927;3;3.0;2.0
1928;9;19.0;3.605551275463989
1929;5;9.0;4.0
1930;3;4.0;1.4142135623730951
1931;4;6.0;2.23606797749979
1932;1;1.0;0.0
1933;3;3.0;1.4142135623730951
1934;5;16.0;3.1622776601683795
1935;14;32.0;6.4031242374328485
1936;8;11.0;4.123105625617661
1937;1;1.0;0.0
1938;2;2.0;1.0
1939;1;1.0;0.0
1940;7;12.0;4.123105625617661
1941;2;2.0;1.0
1942;2;2.0;1.0
1943;11;28.0;5.830951894845301
1944;1;1.0;0.0
1945;1;1.0;0.0
1946;18;50.0;5.830951894845301
1947;10;17.0;5.385164807134504
1948;2;3.0;1.0
1949;13;18.0;5.385164807134504
1950;1;1.0;0.0
1951;4;6.0;2.23606797749979
1952;1;1.0;0.0
1953;4;4.0;1.4142135623730951
1954;1;1.0;0.0
1955;1;1.0;0.0
1956;2;3.0;1.0
1957;6;7.0;3.605551275463989
1958;11;31.0;4.123105625617661
1959;9;14.0;4.47213595499958
1960;5;5.0;1.4142135623730951
1961;9;17.0;3.605551275463989
1962;7;13.0;5.0990195135927845
1963;3;3.0;2.0
1964;3;4.0;2.0
1965;3;3.0;2.0
1966;2;2.0;1.0
1967;2;3.0;1.0
1968;1;1.0;0.0
1969;2;2.0;1.0
1970;11;23.0;7.0710678118654755
1971;1;1.0;0.0
1972;2;2.0;1.0
1973;10;12.0;3.1622776601683795
1974;4;4.0;2.23606797749979
1975;3;3.0;2.0
1976;3;5.0;1.4142135623730951
1977;9;16.0;3.605551275463989
1978;1;1.0;0.0
1979;4;6.0;1.4142135623730951
1980;2;2.0;1.0
1981;5;6.0;2.23606797749979
1982;7;9.0;5.0990195135927845
1983;5;5.0;1.4142135623730951
1984;7;15.0;2.8284271247461903
1985;7;8.0;2.8284271247461903
1986;5;7.0;2.8284271247461903
1987;1;1.0;0.0
1988;1;1.0;0.0
1989;2;2.0;1.0
1990;5;9.0;3.1622776601683795
1991;1;1.0;0.0
1992;13;35.0;4.47213595499958
1993;1;1.0;0.0
1994;2;2.0;1.0
1995;1;1.0;0.0
1996;1;1.0;0.0
1997;1;1.0;0.0
1998;1;1.0;0.0
1999;1;1.0;0.0
2000;16;31.0;6.324555320336759
2001;1;1.0;0.0
2002;10;22.0;5.0
2003;3;3.0;2.0
2004;19;35.0;7.211102550927978
2005;5;7.0;2.23606797749979
2006;1;1.0;0.0
2007;2;2.0;1.0
2008;11;17.0;5.830951894845301
2009;4;6.0;2.23606797749979
2010;2;2.0;1.0
2011;4;4.0;2.23606797749979
2012;5;8.0;2.8284271247461903
2013;8;14.0;3.605551275463989
2014;4;5.0;2.23606797749979
2015;2;2.0;1.0
2016;1;1.0;0.0
2017;9;14.0;6.324555320336759
2018;2;2.0;1.0
2019;2;2.0;1.0
2020;2;2.0;1.0
2021;5;7.0;3.0
2022;7;11.0;4.47213595499958
2023;1;1.0;0.0
2024;7;22.0;4.47213595499958
2025;1;1.0;0.0
2026;16;35.0;7.810249675906654
2027;11;19.0;5.656854249492381
2028;11;23.0;6.4031242374328485
2029;6;6.0;4.123105625617661
2030;2;2.0;1.0
2031;4;8.0;2.23606797749979
2032;9;13.0;3.605551275463989
2033;8;10.0;5.0
2034;3;4.0;2.0
2035;13;34.0;7.280109889280518
2036;2;2.0;1.0
2037;7;17.0;3.605551275463989
2038;2;2.0;1.0
2039;4;7.0;2.23606797749979
2040;2;2.0;1.0
2041;5;9.0;1.4142135623730951
2042;9;21.0;4.47213595499958
2043;7;20.0;4.242640687119285
2044;11;34.0;4.47213595499958
2045;9;17.0;5.0990195135927845
2046;5;8.0;2.8284271247461903
2047;1;1.0;0.0
2048;4;4.0;1.4142135623730951
2049;1;1.0;0.0
2050;4;4.0;2.23606797749979
2051;2;2.0;1.0
2052;4;4.0;2.23606797749979
2053;6;16.0;4.123105625617661
2054;3;5.0;2.0
2055;3;3.0;1.4142135623730951
2056;1;1.0;0.0
2057;6;7.0;2.23606797749979
2058;5;11.0;3.1622776601683795
2059;1;1.0;0.0
2060;9;36.0;4.47213595499958
2061;14;21.0;3.605551275463989
2062;3;3.0;1.4142135623730951
2063;2;3.0;1.0
2064;1;1.0;0.0
2065;1;1.0;0.0
2066;5;5.0;2.23606797749979
2067;2;2.0;1.0
2068;6;12.0;2.23606797749979
2069;2;2.0;1.0
2070;2;2.0;1.0
2071;12;20.0;5.0
2072;4;5.0;2.23606797749979
2073;3;4.0;2.0
2074;2;3.0;1.0
2075;4;5.0;3.0
2076;2;4.0;1.0
2077;10;25.0;6.082762530298219
2078;4;4.0;1.4142135623730951
2079;4;7.0;2.23606797749979
2080;15;31.0;5.656854249492381
2081;2;2.0;1.0
2082;11;21.0;4.123105625617661
2083;2;2.0;1.0
2084;2;2.0;1.0
2085;9;12.0;5.385164807134504
2086;1;1.0;0.0
2087;3;3.0;2.0
2088;3;3.0;2.0
2089;9;15.0;5.0
2090;1;1.0;0.0
2091;6;9.0;4.123105625617661
2092;10;38.0;5.0
2093;5;10.0;3.0
2094;3;3.0;2.0
2095;6;15.0;3.605551275463989
2096;1;1.0;0.0
2097;3;3.0;2.0
2098;6;7.0;2.23606797749979
2099;4;4.0;1.4142135623730951
2100;3;3.0;1.4142135623730951
2101;3;3.0;2.0
2102;1;1.0;0.0
2103;17;38.0;8.602325267042627
2104;4;6.0;2.23606797749979
2105;7;20.0;5.0990195135927845
2106;1;1.0;0.0
2107;5;13.0;4.0
2108;5;5.0;3.1622776601683795
2109;7;13.0;5.0990195135927845
2110;1;1.0;0.0
2111;1;1.0;0.0
2112;1;1.0;0.0
2113;6;13.0;2.23606797749979
2114;6;9.0;3.1622776601683795
2115;12;22.0;6.4031242374328485
2116;7;7.0;2.0
2117;5;7.0;3.1622776601683795
2118;10;14.0;4.47213595499958
2119;2;2.0;1.0
2120;1;1.0;0.0
2121;4;5.0;2.23606797749979
2122;1;1.0;0.0
2123;5;11.0;2.23606797749979
2124;7;11.0;4.123105625617661
2125;4;4.0;2.23606797749979
2126;1;1.0;0.0
2127;14;22.0;5.0990195135927845
2128;3;4.0;2.0
2129;4;4.0;2.23606797749979
2130;18;47.0;5.0990195135927845
2131;6;10.0;4.123105625617661
2132;2;2.0;1.0
2133;1;1.0;0.0
2134;1;1.0;0.0
2135;5;7.0;2.23606797749979
2136;3;4.0;1.4142135623730951
2137;2;2.0;1.0
2138;1;1.0;0.0
2139;2;2.0;1.0
2140;2;4.0;1.0
2141;6;9.0;3.605551275463989
2142;15;38.0;5.656854249492381
2143;3;4.0;1.4142135623730951
2144;3;4.0;1.4142135623730951
2145;8;16.0;3.605551275463989
2146;4;4.0;3.0
2147;2;2.0;1.0
2148;4;4.0;1.4142135623730951
2149;3;3.0;2.0
2150;5;6.0;2.23606797749979
2151;2;2.0;1.0
2152;4;6.0;2.23606797749979
2153;1;1.0;0.0
2154;1;1.0;0.0
2155;18;43.0;8.06225774829855
2156;3;3.0;2.0
2157;7;19.0;3.1622776601683795
2158;3;4.0;2.0
2159;4;4.0;1.4142135623730951
2160;2;2.0;1.0
2161;10;22.0;5.0
2162;2;2.0;1.0
2163;4;4.0;3.0
2164;1;1.0;0.0
2165;1;1.0;0.0
2166;2;3.0;1.0
2167;11;34.0;5.385164807134504
2168;3;4.0;1.4142135623730951
2169;12;36.0;7.280109889280518
2170;9;15.0;4.47213595499958
2171;1;1.0;0.0
2172;5;8.0;2.8284271247461903
2173;2;2.0;1.0
2174;1;1.0;0.0
2175;8;15.0;4.242640687119285
2176;7;7.0;4.47213595499958
2177;7;8.0;3.605551275463989
2178;2;3.0;1.0
2179;22;36.0;7.0710678118654755
2180;15;24.0;5.830951894845301
2181;1;1.0;0.0
2182;3;4.0;1.4142135623730951
2183;10;23.0;5.0
2184;1;1.0;0.0
2185;16;50.0;8.602325267042627
2186;12;26.0;5.0
2187;10;14.0;3.605551275463989
2188;5;8.0;2.8284271247461903
2189;1;1.0;0.0
2190;18;40.0;5.385164807134504
2191;2;2.0;1.0
2192;6;9.0;3.605551275463989
2193;2;2.0;1.0
2194;3;3.0;1.4142135623730951
2195;14;28.0;5.830951894845301
2196;1;1.0;0.0
2197;4;5.0;2.23606797749979
2198;3;7.0;1.4142135623730951
2199;7;8.0;4.0
2200;13;25.0;5.0990195135927845
2201;1;1.0;0.0
2202;6;14.0;3.605551275463989
2203;3;3.0;2.0
2204;3;5.0;1.4142135623730951
2205;2;2.0;1.0
2206;1;1.0;0.0
2207;22;52.0;5.0
2208;3;3.0;1.4142135623730951
2209;4;6.0;3.0
2210;4;4.0;2.23606797749979
2211;1;1.0;0.0
2212;12;18.0;6.4031242374328485
2213;1;1.0;0.0
2214;19;32.0;6.4031242374328485
2215;4;4.0;3.0
2216;3;4.0;1.4142135623730951
2217;1;1.0;0.0
2218;8;9.0;3.0
2219;4;4.0;1.4142135623730951
2220;3;3.0;1.4142135623730951
2221;2;2.0;1.0
2222;7;12.0;4.47213595499958
2223;1;1.0;0.0
2224;13;23.0;5.0
2225;2;2.0;1.0
2226;12;20.0;4.123105625617661
2227;3;4.0;2.0
2228;2;2.0;1.0
2229;1;1.0;0.0
2230;1;1.0;0.0
2231;10;28.0;5.385164807134504
2232;1;1.0;0.0
2233;13;29.0;6.082762530298219
2234;3;3.0;2.0
2235;4;7.0;2.23606797749979
2236;7;19.0;3.1622776601683795
2237;6;14.0;3.0
2238;6;6.0;3.605551275463989
2239;8;18.0;4.242640687119285
2240;2;2.0;1.0
2241;6;10.0;3.1622776601683795
2242;4;5.0;2.23606797749979
2243;8;9.0;2.23606797749979
2244;3;3.0;2.0
2245;16;26.0;8.06225774829855
2246;2;2.0;1.0
2247;11;25.0;5.0990195135927845
2248;2;2.0;1.0
2249;1;1.0;0.0
2250;10;16.0;4.123105625617661
2251;1;1.0;0.0
2252;2;2.0;1.0
2253;2;2.0;1.0
2254;2;2.0;1.0
2255;2;2.0;1.0
2256;4;6.0;2.23606797749979
2257;18;41.0;7.211102550927978
2258;3;4.0;1.4142135623730951
2259;12;25.0;5.830951894845301
2260;2;2.0;1.0
2261;1;1.0;0.0
2262;6;9.0;4.123105625617661
2263;2;2.0;1.0
2264;4;5.0;2.23606797749979
2265;20;30.0;6.708203932499369
2266;2;2.0;1.0
2267;2;3.0;1.0
2268;1;1.0;0.0
2269;7;16.0;3.605551275463989
2270;2;2.0;1.0
2271;1;1.0;0.0
2272;4;5.0;2.23606797749979
2273;3;3.0;2.0
2274;1;1.0;0.0
2275;18;35.0;6.708203932499369
2276;4;5.0;2.0
2277;11;17.0;4.47213595499958
2278;2;2.0;1.0
2279;2;2.0;1.0
2280;1;1.0;0.0
2281;1;1.0;0.0
2282;12;30.0;6.4031242374328485
2283;1;1.0;0.0
2284;5;8.0;3.1622776601683795
2285;5;6.0;2.8284271247461903
2286;8;25.0;3.605551275463989
2287;2;3.0;1.0
2288;2;2.0;1.0
2289;1;1.0;0.0
2290;2;2.0;1.0
2291;25;55.0;5.830951894845301
2292;7;8.0;4.242640687119285
2293;1;1.0;0.0
2294;1;1.0;0.0
2295;15;55.0;5.385164807134504
2296;1;1.0;0.0
2297;11;26.0;4.123105625617661
2298;2;2.0;1.0
2299;18;31.0;5.385164807134504
2300;6;6.0;4.123105625617661
2301;2;2.0;1.0
2302;4;6.0;2.23606797749979
2303;1;1.0;0.0
2304;7;10.0;4.47213595499958
2305;10;12.0;5.0
2306;13;33.0;5.385164807134504
2307;2;2.0;1.0
2308;9;10.0;5.0
2309;7;11.0;3.1622776601683795
2310;3;4.0;1.4142135623730951
2311;1;1.0;0.0
2312;2;2.0;1.0
2313;2;2.0;1.0
2314;14;20.0;5.0
2315;4;6.0;1.4142135623730951
2316;9;12.0;4.47213595499958
2317;2;2.0;1.0
2318;4;4.0;3.0
2319;4;5.0;2.23606797749979
2320;2;2.0;1.0
2321;4;4.0;2.23606797749979
2322;13;31.0;5.0
2323;1;1.0;0.0
2324;10;21.0;4.47213595499958
2325;12;26.0;4.123105625617661
2326;2;2.0;1.0
2327;2;3.0;1.0
2328;11;23.0;4.123105625617661
2329;2;2.0;1.0
2330;5;7.0;3.1622776601683795
2331;3;4.0;1.4142135623730951
2332;3;4.0;1.4142135623730951
2333;1;1.0;0.0
2334;5;10.0;2.8284271247461903
2335;2;2.0;1.0
2336;1;1.0;0.0
2337;21;42.0;5.656854249492381
2338;3;3.0;2.0
2339;4;6.0;3.0
2340;10;16.0;4.123105625617661
2341;1;1.0;0.0
2342;9;16.0;4.47213595499958
2343;1;1.0;0.0
2344;3;3.0;1.4142135623730951
2345;1;1.0;0.0
2346;4;4.0;2.23606797749979
2347;11;21.0;7.211102550927978
2348;2;2.0;1.0
2349;1;1.0;0.0
2350;7;9.0;4.47213595499958
2351;5;6.0;2.8284271247461903
2352;2;3.0;1.0
2353;2;2.0;1.0
2354;5;8.0;3.0
2355;17;29.0;4.123105625617661
2356;3;3.0;1.4142135623730951
2357;11;30.0;5.830951894845301
2358;6;6.0;2.23606797749979
2359;5;6.0;2.23606797749979
2360;1;1.0;0.0
2361;18;65.0;6.708203932499369
2362;6;9.0;3.0
2363;3;3.0;1.4142135623730951
2364;1;1.0;0.0
2365;3;3.0;1.4142135623730951
2366;2;2.0;1.0
2367;6;7.0;3.605551275463989
2368;5;6.0;2.23606797749979
