frequency;power spectrum
0.0;118764909.345
0.06283185307179587;88223776.57493964
0.12566370614359174;47177146.66324031
0.18849555921538758;24542647.35505416
0.25132741228718347;12639304.60837472
0.3141592653589793;6768636.062596799
0.37699111843077515;4228668.291822958
0.43982297150257105;2826322.500104553
0.5026548245743669;2049930.1891939458
0.5654866776461628;1477595.1969154861
0.6283185307179586;1157153.2094460598
0.6911503837897545;928012.6975368449
0.7539822368615503;770261.7535701562
0.8168140899333463;639179.348925666
0.8796459430051421;574976.4047065912
0.9424777960769378;492788.42084833595
1.0053096491487339;429143.46133027016
1.0681415022205298;405526.96932884393
1.1309733552923256;364710.5332469019
1.1938052083641213;314565.1394116682
1.2566370614359172;293347.2535772077
1.3194689145077132;280787.0090157738
1.382300767579509;256345.06481145628
1.4451326206513047;231847.8000011905
1.5079644737231006;208904.68271549782
1.5707963267948966;196083.5707783233
1.6336281798666925;179276.24861062047
1.6964600329384882;167257.8321495997
1.7592918860102842;164911.85399188343
1.8221237390820801;162851.17061427786
1.8849555921538756;152554.84305867102
1.9477874452256716;145576.7091472781
2.0106192982974678;135103.2001880312
2.0734511513692637;131236.74638855222
2.1362830044410597;127958.88930199602
2.199114857512855;118896.5606537707
2.261946710584651;114883.72971583885
2.324778563656447;111448.4831406031
2.3876104167282426;105139.26674958874
2.4504422698000385;97160.36578397074
2.5132741228718345;94627.48751255142
2.57610597594363;93822.38366274144
2.6389378290154264;89607.3762786568
2.701769682087222;87504.8440103608
2.764601535159018;84186.12249289852
2.827433388230814;81652.04395791132
2.8902652413026093;75585.01131122795
2.9530970943744057;68563.08765610568
3.015928947446201;66567.74881265585
3.078760800517997;63053.91284638051
3.141592653589793;59207.43347363011
3.204424506661589;57913.47801244327
3.267256359733385;56153.249527671454
3.330088212805181;54196.49719689887
3.3929200658769765;55409.41095086449
3.4557519189487724;57784.84925346188
3.5185837720205684;57294.46948852598
3.581415625092364;54087.79858965817
3.6442474781641603;50366.883369296316
3.707079331235956;47371.691653983115
3.7699111843077513;44826.46587555177
3.8327430373795477;43822.669592491875
3.895574890451343;41554.34155153605
3.9584067435231396;40758.444258924
4.0212385965949355;40859.854014220844
4.084070449666731;40820.41906384035
4.1469023027385274;40342.84741975452
4.209734155810323;38103.05590426609
4.272566008882119;37716.77764942999
4.335397861953915;37751.97458650488
4.39822971502571;36723.771206939695
4.461061568097507;36509.69066157278
4.523893421169302;35475.36212947261
4.586725274241098;35662.32620413722
4.649557127312894;35915.9057829328
4.71238898038469;32969.37127313682
4.775220833456485;33280.88897272758
4.838052686528282;32416.154278872982
4.900884539600077;31654.246283701166
4.9637163926718735;31376.180743835936
5.026548245743669;30124.25357701526
5.0893800988154645;31217.220445949155
5.15221195188726;31434.930080476457
5.215043804959057;28972.425636286145
5.277875658030853;27134.641033968364
5.340707511102648;26335.648410265334
5.403539364174444;24982.147896411243
5.466371217246239;23429.119178372486
5.529203070318036;22858.180452029334
5.592034923389832;22537.550350801874
5.654866776461628;24090.88950164043
5.717698629533423;24689.649467737505
5.780530482605219;25215.706111149095
5.843362335677015;24906.23711227904
5.906194188748811;24210.61586495431
5.969026041820607;24251.838506925364
6.031857894892402;23352.98976590122
6.094689747964199;22227.568290049363
6.157521601035994;21048.487770301097
6.220353454107791;20269.10362076989
6.283185307179586;19987.702531162402
6.346017160251382;19514.972209232714
6.408849013323178;18965.795835174584
6.471680866394974;18548.923814903595
6.53451271946677;18162.439470623358
6.5973445725385655;18212.091222605875
6.660176425610362;18058.98559335412
6.7230082786821574;17581.95765355566
6.785840131753953;16670.64190637327
6.8486719848257485;16652.2483844849
6.911503837897545;17183.545541651692
6.974335690969341;17235.23082516793
7.037167544041137;17356.905268730225
7.099999397112932;15880.216220901686
7.162831250184728;15111.835974089545
7.225663103256525;14810.037049934577
7.288494956328321;14791.345301311592
7.351326809400116;15217.355855760157
7.414158662471912;15420.12569706841
7.476990515543707;14990.109261629083
7.539822368615503;14727.659738185012
7.6026542216873;14489.128443626061
7.665486074759095;13848.284273790388
7.728317927830891;14213.731918719339
7.791149780902686;14144.882264111518
7.853981633974482;13824.54475581232
7.916813487046279;14088.29282090334
7.979645340118075;14078.130306479608
8.042477193189871;14169.394404805766
8.105309046261667;14217.600959134037
8.168140899333462;13783.626793908015
8.230972752405258;13463.729362584949
8.293804605477055;13713.50942314113
8.35663645854885;13706.281901696939
8.419468311620646;13713.437157994225
8.482300164692441;13234.270400945217
8.545132017764239;12589.449277842421
8.607963870836034;12054.930243058472
8.67079572390783;12326.558528050682
8.733627576979625;12735.786550402763
8.79645943005142;12182.462385468574
8.859291283123216;11866.653926296689
8.922123136195014;11563.728126770187
8.984954989266809;11373.456305996218
9.047786842338605;10918.64096354799
9.1106186954104;10586.050612264984
9.173450548482196;10590.23685654584
9.236282401553993;10274.368975387899
9.299114254625788;10365.827083725182
9.361946107697584;10198.939989813336
9.42477796076938;10406.547869149903
9.487609813841175;10112.062443642984
9.55044166691297;9374.16162784344
9.613273519984768;9187.494825100133
9.676105373056563;9727.841826635298
9.738937226128359;10151.490086672
9.801769079200154;10472.844553683373
9.86460093227195;10223.260798123436
9.927432785343747;9656.002989479795
9.990264638415542;9197.877090996884
10.053096491487338;8930.00355752517
10.115928344559133;8624.974661782404
10.178760197630929;9135.139023396947
10.241592050702724;9282.199580661641
10.30442390377452;9198.455687877084
10.367255756846316;9353.49560867535
10.430087609918115;9189.897484704947
10.49291946298991;9060.633418744577
10.555751316061706;9036.475771771713
10.618583169133501;8950.509804801832
10.681415022205297;7984.160693749502
10.744246875277092;7969.933793882009
10.807078728348888;7990.745402906677
10.869910581420683;7984.267863291395
10.932742434492479;8051.571245484858
10.995574287564274;8061.433492825316
11.058406140636071;8026.372629521997
11.121237993707869;7543.846331865686
11.184069846779664;7196.618768051123
11.24690169985146;7202.535016432187
11.309733552923255;7408.732235704231
11.37256540599505;7938.00323653982
11.435397259066846;8136.855229163964
11.498229112138642;7796.826575128282
11.561060965210437;7660.611937126342
11.623892818282235;7224.344895781039
11.68672467135403;7045.422200388263
11.749556524425827;7585.90348651373
11.812388377497623;7153.074988473027
11.875220230569418;6709.415403599799
11.938052083641214;6700.256056014031
12.00088393671301;6544.113406525724
12.063715789784805;6523.505700448792
12.1265476428566;6504.584585974349
12.189379495928398;6599.10812450585
12.252211349000193;6867.455278258541
12.315043202071989;6940.703982150794
12.377875055143784;6880.741862813605
12.440706908215581;6969.908600588874
12.503538761287377;7064.2052416416145
12.566370614359172;6855.832939451384
12.629202467430968;6850.489892791563
12.692034320502763;7241.544451783684
12.75486617357456;6695.592656609386
12.817698026646356;6319.588204314715
12.880529879718152;6084.497261204809
12.943361732789947;6274.641546658561
13.006193585861743;6513.006855482337
13.06902543893354;6770.230621691368
13.131857292005336;6761.922567703728
13.194689145077131;6535.912186172747
13.257520998148927;6336.040149283248
13.320352851220724;6230.804400008541
13.38318470429252;6337.38194981415
13.446016557364315;6367.651228385442
13.50884841043611;6230.46604980188
13.571680263507906;5719.10168282995
13.634512116579701;5331.826116778041
13.697343969651497;5269.342044305273
13.760175822723294;5451.461150793714
13.82300767579509;5505.535656498848
13.885839528866887;5359.597886205435
13.948671381938683;5439.7444780877195
14.011503235010478;5577.005542110064
14.074335088082274;5535.035906648481
14.137166941154069;5403.586218135028
14.199998794225865;5120.106843694853
14.26283064729766;5128.439644366753
14.325662500369456;5454.500439200806
14.388494353441251;5895.179381027717
14.45132620651305;5940.829104898895
14.514158059584846;5831.902654417753
14.576989912656641;5679.631413928203
14.639821765728437;5585.608316652599
14.702653618800232;5363.653323079586
14.765485471872028;5203.353141353862
14.828317324943823;5348.527304351876
14.891149178015619;5392.082074076532
14.953981031087414;5263.944248219587
15.01681288415921;5349.765663848826
15.079644737231005;5271.450832485215
15.142476590302804;5374.953642717081
15.2053084433746;5416.9416490896765
15.268140296446395;5171.864380820449
15.33097214951819;5043.7799813074935
15.393804002589986;5029.921449822557
15.456635855661782;5064.68709829486
15.519467708733577;4941.995673463962
15.582299561805373;5011.681050555958
15.645131414877168;5040.917801983013
15.707963267948964;4734.522559558806
15.770795121020763;4407.476972341425
15.833626974092558;4479.519800050893
15.896458827164354;4713.505441886265
15.95929068023615;5039.12350798609
16.022122533307947;4690.118695678195
16.084954386379742;4564.805451996401
16.147786239451538;4524.857121415103
16.210618092523333;4621.025423348517
16.27344994559513;4496.194427128976
16.336281798666924;4426.6031605702865
16.39911365173872;4471.308503400046
16.461945504810515;4570.4550807229025
16.524777357882314;4537.223385668214
16.58760921095411;4661.1049530985665
16.650441064025905;4476.285578426154
16.7132729170977;4466.789538138847
16.776104770169496;4507.053404642338
16.838936623241292;4378.933562718019
16.901768476313087;4387.537258283358
16.964600329384883;4297.596803849407
17.02743218245668;4275.207574964091
17.090264035528477;4182.571833845513
17.153095888600273;4229.0882143281215
17.21592774167207;4419.192971146314
17.278759594743864;4492.455185645481
17.34159144781566;4545.650777175368
17.404423300887455;4516.237317855792
17.46725515395925;4371.89724991572
17.530087007031046;4253.229219801256
17.59291886010284;4182.569654084592
17.655750713174637;4131.879728224244
17.718582566246432;4218.011766729979
17.78141441931823;4206.324163212818
17.844246272390027;3958.6063252442086
17.907078125461823;3765.9169969647255
17.969909978533618;3782.104739016903
18.032741831605414;3861.4796264932
18.09557368467721;3832.561784073048
18.158405537749005;3801.9763939349136
18.2212373908208;3953.310292519783
18.284069243892596;3901.9178645621437
18.34690109696439;3867.9390245846034
18.409732950036187;3918.2990770111137
18.472564803107986;3918.334139861723
18.53539665617978;3810.9487918196664
18.598228509251577;3825.7393688885545
18.661060362323372;3772.248294137172
18.723892215395168;3875.718380816415
18.786724068466963;3882.4756164135165
18.84955592153876;3809.661244610501
18.912387774610554;3464.305483674963
18.97521962768235;3341.906440191368
19.038051480754145;3697.834565461943
19.10088333382594;3803.366036030933
19.16371518689774;3679.5151806233193
19.226547039969535;3662.160288011633
19.28937889304133;3723.3326439826033
19.352210746113126;3717.6331902866655
19.415042599184922;3730.4395938983093
19.477874452256717;3800.807792809939
19.540706305328513;3757.9720564616287
19.60353815840031;3635.758356595824
19.666370011472104;3567.9031396846526
19.7292018645439;3420.6848160628133
19.7920337176157;3510.595393948148
19.854865570687494;3550.3655864524085
19.91769742375929;3607.850543691729
19.980529276831085;3493.8252659299615
20.04336112990288;3357.0916123342627
20.106192982974676;3291.2773743894704
20.16902483604647;3241.9464021972094
20.231856689118267;3258.742935476304
20.294688542190062;3218.243600203306
20.357520395261858;3128.4388774690606
20.420352248333653;3203.060491760311
20.48318410140545;3367.099676135484
20.546015954477248;3342.3808766753236
20.60884780754904;3123.6849031275833
20.67167966062084;3225.487040914216
20.73451151369263;3203.1369075825796
20.79734336676443;3232.49317163883
20.86017521983623;3404.535875114184
20.92300707290802;3294.159617249292
20.98583892597982;3177.2580331782565
21.048670779051612;3119.556138577869
21.11150263212341;3095.6696858674145
21.174334485195203;3071.7577309019966
21.237166338267002;3271.4389343697458
21.299998191338794;3032.155790983897
21.362830044410593;3036.8467648828
21.425661897482385;3015.193810513153
21.488493750554184;2939.2552109793055
21.551325603625983;2821.548566921423
21.614157456697775;2926.526749113996
21.676989309769574;2840.8381891112836
21.739821162841366;2953.2761675944635
21.802653015913165;3284.168700539901
21.865484868984957;3280.5798625031707
21.928316722056756;3111.7819179397757
21.99114857512855;2993.0904443843997
22.053980428200347;2947.2130263357126
22.116812281272143;2836.9030303779136
22.17964413434394;2815.1074979491327
22.242475987415737;2740.436684509464
22.30530784048753;2697.0854053071007
22.36813969355933;2765.6907002616554
22.43097154663112;2812.689900123675
22.49380339970292;2885.713054405554
22.55663525277471;2849.8411474665036
22.61946710584651;2784.3032160335183
22.682298958918306;2770.099401134099
22.7451308119901;2758.334489304193
22.8079626650619;2803.183268535066
22.870794518133692;3013.442664097119
22.93362637120549;3008.161032757512
22.996458224277283;2895.544863003092
23.059290077349083;2758.5416857301343
23.122121930420874;2791.156348665217
23.184953783492674;2795.326076315207
23.24778563656447;2684.9733913028194
23.310617489636265;2684.311106769196
23.37344934270806;2741.916927577935
23.436281195779856;2868.1149671965936
23.499113048851655;2835.163045097956
23.561944901923447;2561.5950845155485
23.624776754995246;2536.11784156389
23.687608608067038;2616.485184471819
23.750440461138837;2530.976336073486
23.813272314210632;2618.199863787255
23.876104167282428;2743.3572599621903
23.938936020354223;2736.2180775873394
24.00176787342602;2745.5225460504917
24.064599726497814;2725.9561921471013
24.12743157956961;2674.150076489643
24.19026343264141;2793.265922139063
24.2530952857132;2836.4391594106955
24.315927138785;2556.4739852250705
24.378758991856795;2419.349486165478
24.44159084492859;2347.8463990235614
24.504422698000386;2395.685312381314
24.567254551072182;2533.0913857776754
24.630086404143977;2612.6244045260455
24.692918257215773;2491.2921549207895
24.75575011028757;2395.6094312029445
24.818581963359364;2417.171200582167
24.881413816431163;2449.497807172386
24.94424566950296;2539.070292613832
25.007077522574754;2538.302094815473
25.06990937564655;2566.819216604736
25.132741228718345;2579.344249588752
25.19557308179014;2585.5073160030424
25.258404934861936;2636.189255631378
25.32123678793373;2649.65848272251
25.384068641005527;2521.7579296415006
25.446900494077322;2481.7580235366004
25.50973234714912;2572.8209905465606
25.572564200220917;2505.569371382069
25.635396053292713;2469.11323060163
25.698227906364508;2462.14089430245
25.761059759436304;2375.077838765338
25.8238916125081;2414.6848797276225
25.886723465579895;2356.156474242483
25.94955531865169;2339.591205970029
26.012387171723486;2320.185122373197
26.075219024795285;2284.0971809838197
26.13805087786708;2344.1347997665407
26.200882730938876;2408.458804540952
26.26371458401067;2332.6658524779596
26.326546437082467;2379.731088562769
26.389378290154262;2382.8442949490786
26.452210143226058;2375.715729566036
26.515041996297853;2293.633082457618
26.57787384936965;2384.4446465744313
26.640705702441448;2491.181964239901
26.70353755551324;2624.10210569617
26.76636940858504;2597.665877881552
26.829201261656834;2439.2837486142835
26.89203311472863;2407.414438283
26.954864967800425;2267.254915655271
27.01769682087222;2179.7513817672116
27.080528673944016;2217.035119659444
27.143360527015812;2218.0478236228223
27.20619238008761;2133.6725750834185
27.269024233159403;2143.558058689479
27.331856086231202;2126.972274712877
27.394687939302994;2224.6986405283374
27.457519792374793;2327.1463152270794
27.52035164544659;2286.365521143514
27.583183498518384;2175.237019180756
27.64601535159018;2273.8295098795156
27.708847204661975;2247.238572000282
27.771679057733774;2161.6898225611276
27.834510910805566;2154.546769981179
27.897342763877365;2087.25587753647
27.960174616949157;2045.6872130134193
28.023006470020956;2068.8309580256832
28.085838323092748;1933.5099661518068
28.148670176164547;1868.8405958885444
28.211502029236343;1917.6297196860835
28.274333882308138;1959.1289847797357
28.337165735379937;2069.315417490286
28.39999758845173;2114.932914452416
28.462829441523528;2092.2439163565605
28.52566129459532;2122.4092070043757
28.58849314766712;2123.526585710024
28.65132500073891;2084.6150971634956
28.71415685381071;2034.8238375529559
28.776988706882502;2029.676776914528
28.8398205599543;2011.906073206919
28.9026524130261;1999.4066016318716
28.965484266097892;2034.994859394824
29.02831611916969;2097.6977935034183
29.091147972241483;2122.0132747732646
29.153979825313282;1996.4331270116152
29.216811678385074;1862.2946833735505
29.279643531456873;1866.6236265994585
29.342475384528665;1956.1548169684443
29.405307237600464;1909.3914245795017
29.468139090672256;1888.8863313193033
29.530970943744055;1986.7136325286
29.593802796815854;2032.0017090921008
29.656634649887646;1960.3250405858314
29.719466502959445;1926.273455143406
29.782298356031237;1974.4474207086882
29.845130209103036;1987.238916551954
29.90796206217483;1886.451876607912
29.970793915246627;1912.760952597446
30.03362576831842;1973.8450586246988
30.09645762139022;2024.3428504674325
30.15928947446201;1914.8886567236007
30.22212132753381;1912.7984336571435
30.28495318060561;1938.5840077514197
30.3477850336774;1928.6071518428566
30.4106168867492;1826.020329478092
30.47344873982099;1797.7261240137384
30.53628059289279;1814.4553766571373
30.599112445964582;1742.2883023969637
30.66194429903638;1711.3617743581874
30.724776152108173;1699.3517104288362
30.787608005179973;1768.324478067145
30.85043985825177;1892.461546525275
30.913271711323564;1898.5404637275922
30.976103564395363;1929.9204386474726
31.038935417467155;1903.9634253603351
31.101767270538954;1841.7223631377171
31.164599123610746;1786.9282701942245
31.227430976682545;1805.6678991909334
31.290262829754337;1852.6778043139961
31.353094682826136;1732.6205282553435
31.415926535897928;1742.5492464638003
31.478758388969727;1749.5245195633709
31.541590242041526;1696.3703028513885
31.604422095113318;1746.7971925677232
31.667253948185117;1846.3741779521913
31.73008580125691;1842.8343730004242
31.792917654328708;1923.7337704162949
31.8557495074005;1979.9471183684423
31.9185813604723;1868.247140810182
31.98141321354409;1756.9818943181222
32.04424506661589;1675.0813206031812
32.107076919687685;1599.280158423204
32.169908772759484;1603.0869889930623
32.232740625831276;1668.9638795393344
32.295572478903075;1644.7066596921882
32.35840433197487;1709.6372039936987
32.421236185046666;1686.8086202029308
32.484068038118465;1611.6957512381487
32.54689989119026;1629.1036659312979
32.60973174426206;1725.9117037257797
32.67256359733385;1705.5400965336148
32.73539545040565;1634.4729664198471
32.79822730347744;1570.0147546904109
32.86105915654924;1581.2498475951345
32.92389100962103;1684.8026108348786
32.98672286269283;1656.4997089002466
33.04955471576463;1547.4349450749835
33.11238656883642;1634.514963554475
33.17521842190822;1655.0475124165637
33.23805027498001;1658.848420324004
33.30088212805181;1719.6168096467284
33.3637139811236;1774.6941154972092
33.4265458341954;1651.1625613827991
33.48937768726719;1628.3140697002366
33.55220954033899;1688.9417014929463
33.61504139341079;1655.737801820718
33.677873246482584;1610.8180465078487
33.74070509955438;1591.2064656946238
33.803536952626175;1578.7889355913378
33.866368805697974;1541.6615387192444
33.929200658769766;1518.9925619513672
33.992032511841565;1515.2020527922716
34.05486436491336;1485.3416081435337
34.117696217985156;1405.6696484071504
34.180528071056955;1421.851676192281
34.24335992412875;1527.1234877447482
34.306191777200546;1531.3030760376794
34.36902363027234;1456.5938946015592
34.43185548334414;1511.1454183270525
34.49468733641593;1600.2754000554435
34.55751918948773;1579.9257473806306
34.62035104255952;1586.9899735760337
34.68318289563132;1619.4822454700347
34.74601474870311;1599.3428719323504
34.80884660177491;1545.090751363479
34.87167845484671;1611.1632996449946
34.9345103079185;1606.6464091014288
34.9973421609903;1512.8499211942183
35.06017401406209;1444.649846674683
35.12300586713389;1447.8250927308814
35.18583772020568;1385.097726194212
35.24866957327748;1369.0488615555257
35.311501426349274;1443.1812462041728
35.37433327942107;1446.7046404595094
35.437165132492865;1444.4561793211471
35.499996985564664;1448.6177087347314
35.56282883863646;1473.915275336127
35.625660691708255;1469.104562526975
35.688492544780054;1374.9166733980744
35.751324397851846;1358.4224644417718
35.814156250923645;1397.9917931905309
35.87698810399544;1352.1103184367178
35.939819957067236;1379.9826226859448
36.00265181013903;1420.1152766439677
36.06548366321083;1366.0903735068055
36.12831551628262;1375.8155911311458
36.19114736935442;1357.212955327248
36.25397922242622;1370.666281116244
36.31681107549801;1388.9264957358125
36.37964292856981;1326.1088597017401
36.4424747816416;1255.2612426565013
36.5053066347134;1258.677948231345
36.56813848778519;1352.8861184025284
36.63097034085699;1472.944860882475
36.69380219392878;1427.8824718042279
36.75663404700058;1347.191470793824
36.81946590007237;1339.2565265279923
36.88229775314417;1373.1183883009521
36.94512960621597;1332.5158794263266
37.00796145928776;1347.9286778428886
37.07079331235956;1356.9010463697605
37.133625165431354;1324.7308864621396
37.19645701850315;1285.3249353155645
37.259288871574945;1195.7059791520664
37.322120724646744;1157.5621212334433
37.384952577718536;1174.5537601589306
37.447784430790335;1193.0821163027122
37.51061628386213;1248.3528015001723
37.573448136933926;1265.918403174451
37.636279990005725;1263.5773502106836
37.69911184307752;1300.8653843415095
37.76194369614932;1317.2989513130742
37.82477554922111;1247.7923385691952
37.88760740229291;1180.1431439044225
37.9504392553647;1202.424555934666
38.0132711084365;1293.419392849423
38.07610296150829;1249.0466659493059
38.13893481458009;1192.3618342703849
38.20176666765188;1179.124864799992
38.26459852072368;1258.347858382704
38.32743037379548;1266.1043881765372
38.39026222686727;1251.9012814530015
38.45309407993907;1253.343990700237
38.51592593301086;1265.4007945763558
38.57875778608266;1196.525032417702
38.64158963915445;1167.7989000298537
38.70442149222625;1182.7125086920043
38.767253345298045;1200.1342089516563
38.830085198369844;1219.257517428247
38.89291705144164;1227.3897696831777
38.955748904513435;1227.3653348667601
39.018580757585234;1215.7291321963933
39.081412610657026;1210.233312144559
39.144244463728825;1232.2349923022086
39.20707631680062;1275.3190492817532
39.269908169872416;1240.124900382409
39.33274002294421;1184.2919330944546
39.39557187601601;1136.1511515123507
39.4584037290878;1103.2685079464288
39.5212355821596;1091.247421782249
39.5840674352314;1114.5466375218682
39.64689928830319;1073.6250194404524
39.70973114137499;1112.212938071457
39.77256299444678;1134.0891734000986
39.83539484751858;1115.03655461568
39.89822670059037;1150.614515650761
39.96105855366217;1188.0542282783672
40.02389040673396;1121.2238213392136
40.08672225980576;1063.293801243492
40.14955411287755;1042.4742905504884
40.21238596594935;1003.8708410029051
40.27521781902115;998.589164513395
40.33804967209294;1025.6068767886002
40.40088152516474;1015.4022821094964
40.463713378236534;1028.622231839775
40.52654523130833;1022.5292763738297
40.589377084380125;1025.952370424804
40.652208937451924;1074.8869928335475
40.715040790523716;1056.0039876963547
40.777872643595515;1004.0566047374482
40.84070449666731;1005.3625374531948
40.903536349739106;983.397405947656
40.9663682028109;947.2541188741286
41.029200055882704;967.8107159971723
41.092031908954496;923.5198806862521
41.15486376202629;909.0057259715059
41.21769561509808;892.2215664565289
41.280527468169886;880.3910466928419
41.34335932124168;881.605509587063
41.40619117431347;887.1833535422078
41.46902302738526;866.8255663920012
41.53185488045707;842.4849412851416
41.59468673352886;843.7145028038018
41.65751858660065;873.871475845402
41.72035043967246;895.1779899678579
41.78318229274425;924.5386630036271
41.84601414581604;922.1740064575171
41.908845998887834;883.4168175729462
41.97167785195964;871.1121412501444
42.03450970503143;890.3822816711136
42.097341558103224;805.8746512891883
42.160173411175016;742.9741158279656
42.22300526424682;809.6233240471644
42.285837117318614;848.6248857377794
42.348668970390406;798.3697302595772
42.41150082346221;763.1267534734195
42.474332676534004;751.6831117922359
42.537164529605796;696.3824132683183
42.59999638267759;658.7712497545384
42.662828235749394;662.0480115638929
42.725660088821186;673.2647794954493
42.78849194189298;639.446469491419
42.85132379496477;617.7362730012876
42.91415564803658;624.0584300836224
42.97698750110837;621.6675325833903
43.03981935418016;619.6604271436672
43.10265120725197;599.472367705915
43.16548306032376;602.0552167977116
43.22831491339555;610.5510917411178
43.29114676646734;605.9539386467675
43.35397861953915;565.7682923369442
43.41681047261094;547.1653904013309
43.47964232568273;528.7956325927844
43.54247417875453;515.1725670663661
43.60530603182633;528.7065026508235
43.66813788489812;513.9402149379796
43.730969737969914;475.52796414835274
43.79380159104172;440.7500550733812
43.85663344411351;450.5780489357571
43.919465297185305;458.2189171225206
43.9822971502571;437.0741333330767
44.0451290033289;411.1157966672596
44.107960856400695;419.4366563856527
44.17079270947249;398.8798726648687
44.233624562544286;368.244049898357
44.296456415616085;349.6502795165782
44.35928826868788;321.6437955846392
44.42212012175967;295.7094876666145
44.484951974831475;268.62688815337543
44.54778382790327;242.50936077564626
44.61061568097506;223.1815780657716
44.67344753404686;218.67019713925416
44.73627938711866;206.0481745160595
44.79911124019045;183.75077594678814
44.86194309326224;176.42533141386687
44.92477494633405;162.47504513681633
44.98760679940584;154.749327259084
45.05043865247763;145.35160089467055
45.11327050554942;145.35160089467055
45.17610235862123;154.749327259084
45.23893421169302;162.47504513681633
45.30176606476481;176.42533141386687
45.36459791783661;183.75077594678814
45.42742977090841;206.0481745160595
45.4902616239802;218.67019713925416
45.553093477051995;223.1815780657716
45.6159253301238;242.50936077564626
45.67875718319559;268.62688815337543
45.741589036267385;295.7094876666145
45.804420889339184;321.6437955846392
45.86725274241098;349.6502795165782
45.930084595482775;368.244049898357
45.99291644855457;398.8798726648687
46.055748301626366;419.4366563856527
46.118580154698165;411.1157966672596
46.18141200776996;437.0741333330767
46.24424386084175;458.2189171225206
46.307075713913555;450.5780489357571
46.36990756698535;440.7500550733812
46.43273942005714;475.52796414835274
46.49557127312894;513.9402149379796
46.55840312620074;528.7065026508235
46.62123497927253;515.1725670663661
46.68406683234432;528.7956325927844
46.74689868541612;547.1653904013309
46.80973053848792;565.7682923369442
46.87256239155971;605.9539386467675
46.93539424463151;610.5510917411178
46.99822609770331;602.0552167977116
47.0610579507751;599.472367705915
47.12388980384689;619.6604271436672
47.18672165691869;621.6675325833903
47.24955350999049;624.0584300836224
47.31238536306228;617.7362730012876
47.375217216134075;639.446469491419
47.438049069205874;673.2647794954493
47.50088092227767;662.0480115638929
47.563712775349465;658.7712497545384
47.626544628421264;696.3824132683183
47.68937648149306;751.6831117922359
47.752208334564855;763.1267534734195
47.81504018763665;798.3697302595772
47.877872040708446;848.6248857377794
47.940703893780245;809.6233240471644
48.00353574685204;742.9741158279656
48.06636759992384;805.8746512891883
48.12919945299563;890.3822816711136
48.19203130606743;871.1121412501444
48.25486315913922;883.4168175729462
48.31769501221102;922.1740064575171
48.38052686528282;924.5386630036271
48.44335871835461;895.1779899678579
48.5061905714264;873.871475845402
48.5690224244982;843.7145028038018
48.63185427757;842.4849412851416
48.69468613064179;866.8255663920012
48.75751798371359;887.1833535422078
48.82034983678538;881.605509587063
48.88318168985718;880.3910466928419
48.94601354292897;892.2215664565289
49.00884539600077;909.0057259715059
49.07167724907257;923.5198806862521
49.134509102144364;967.8107159971723
49.19734095521616;947.2541188741286
49.260172808287955;983.397405947656
49.323004661359754;1005.3625374531948
49.385836514431546;1004.0566047374482
49.448668367503345;1056.0039876963547
49.51150022057514;1074.8869928335475
49.574332073646936;1025.952370424804
49.63716392671873;1022.5292763738297
49.69999577979053;1028.622231839775
49.762827632862326;1015.4022821094964
49.82565948593412;1025.6068767886002
49.88849133900592;998.589164513395
49.95132319207771;1003.8708410029051
50.01415504514951;1042.4742905504884
50.0769868982213;1063.293801243492
50.1398187512931;1121.2238213392136
50.20265060436489;1188.0542282783672
50.26548245743669;1150.614515650761
50.32831431050849;1115.03655461568
50.39114616358028;1134.0891734000986
50.45397801665208;1112.212938071457
50.51680986972387;1073.6250194404524
50.57964172279567;1114.5466375218682
50.64247357586746;1091.247421782249
50.70530542893926;1103.2685079464288
50.768137282011054;1136.1511515123507
50.83096913508285;1184.2919330944546
50.893800988154645;1240.124900382409
50.956632841226444;1275.3190492817532
51.01946469429824;1232.2349923022086
51.082296547370035;1210.233312144559
51.145128400441834;1215.7291321963933
51.207960253513626;1227.3653348667601
51.270792106585425;1227.3897696831777
51.33362395965722;1219.257517428247
51.396455812729016;1200.1342089516563
51.459287665800815;1182.7125086920043
51.52211951887261;1167.7989000298537
51.5849513719444;1196.525032417702
51.6477832250162;1265.4007945763558
51.710615078088;1253.343990700237
51.77344693115979;1251.9012814530015
51.83627878423159;1266.1043881765372
51.89911063730338;1258.347858382704
51.96194249037518;1179.124864799992
52.02477434344697;1192.3618342703849
52.08760619651877;1249.0466659493059
52.15043804959057;1293.419392849423
52.21326990266236;1202.424555934666
52.27610175573416;1180.1431439044225
52.33893360880595;1247.7923385691952
52.40176546187775;1317.2989513130742
52.46459731494954;1300.8653843415095
52.52742916802134;1263.5773502106836
52.59026102109314;1265.918403174451
52.65309287416493;1248.3528015001723
52.715924727236725;1193.0821163027122
52.778756580308524;1174.5537601589306
52.84158843338032;1157.5621212334433
52.904420286452115;1195.7059791520664
52.967252139523914;1285.3249353155645
53.030083992595706;1324.7308864621396
53.092915845667505;1356.9010463697605
53.1557476987393;1347.9286778428886
53.2185795518111;1332.5158794263266
53.281411404882896;1373.1183883009521
53.34424325795469;1339.2565265279923
53.40707511102648;1347.191470793824
53.46990696409828;1427.8824718042279
53.53273881717008;1472.944860882475
53.59557067024187;1352.8861184025284
53.65840252331367;1258.677948231345
53.72123437638547;1255.2612426565013
53.78406622945726;1326.1088597017401
53.84689808252905;1388.9264957358125
53.90972993560085;1370.666281116244
53.97256178867265;1357.212955327248
54.03539364174444;1375.8155911311458
54.09822549481623;1366.0903735068055
54.16105734788803;1420.1152766439677
54.22388920095983;1379.9826226859448
54.286721054031624;1352.1103184367178
54.34955290710342;1397.9917931905309
54.41238476017522;1358.4224644417718
54.475216613247014;1374.9166733980744
54.538048466318806;1469.104562526975
54.600880319390605;1473.915275336127
54.663712172462404;1448.6177087347314
54.726544025534196;1444.4561793211471
54.78937587860599;1446.7046404595094
54.852207731677794;1443.1812462041728
54.915039584749586;1369.0488615555257
54.97787143782138;1385.097726194212
55.04070329089318;1447.8250927308814
55.103535143964976;1444.649846674683
55.16636699703677;1512.8499211942183
55.22919885010856;1606.6464091014288
55.29203070318036;1611.1632996449946
55.35486255625216;1545.090751363479
55.41769440932395;1599.3428719323504
55.48052626239574;1619.4822454700347
55.54335811546755;1586.9899735760337
55.60618996853934;1579.9257473806306
55.66902182161113;1600.2754000554435
55.73185367468293;1511.1454183270525
55.79468552775473;1456.5938946015592
55.85751738082652;1531.3030760376794
55.920349233898314;1527.1234877447482
55.98318108697012;1421.851676192281
56.04601294004191;1405.6696484071504
56.108844793113704;1485.3416081435337
56.171676646185496;1515.2020527922716
56.2345084992573;1518.9925619513672
56.297340352329094;1541.6615387192444
56.360172205400886;1578.7889355913378
56.423004058472685;1591.2064656946238
56.485835911544484;1610.8180465078487
56.548667764616276;1655.737801820718
56.61149961768807;1688.9417014929463
56.674331470759874;1628.3140697002366
56.737163323831666;1651.1625613827991
56.79999517690346;1774.6941154972092
56.86282702997525;1719.6168096467284
56.925658883047056;1658.848420324004
56.98849073611885;1655.0475124165637
57.05132258919064;1634.514963554475
57.114154442262446;1547.4349450749835
57.17698629533424;1656.4997089002466
57.23981814840603;1684.8026108348786
57.30265000147782;1581.2498475951345
57.36548185454963;1570.0147546904109
57.42831370762142;1634.4729664198471
57.49114556069321;1705.5400965336148
57.553977413765004;1725.9117037257797
57.61680926683681;1629.1036659312979
57.6796411199086;1611.6957512381487
57.742472972980394;1686.8086202029308
57.8053048260522;1709.6372039936987
57.86813667912399;1644.7066596921882
57.930968532195784;1668.9638795393344
57.993800385267576;1603.0869889930623
58.05663223833938;1599.280158423204
58.119464091411174;1675.0813206031812
58.182295944482966;1756.9818943181222
58.24512779755476;1868.247140810182
58.307959650626564;1979.9471183684423
58.37079150369836;1923.7337704162949
58.43362335677015;1842.8343730004242
58.496455209841955;1846.3741779521913
58.55928706291375;1746.7971925677232
58.62211891598554;1696.3703028513885
58.68495076905733;1749.5245195633709
58.74778262212914;1742.5492464638003
58.81061447520093;1732.6205282553435
58.87344632827272;1852.6778043139961
58.93627818134451;1805.6678991909334
58.99911003441632;1786.9282701942245
59.06194188748811;1841.7223631377171
59.1247737405599;1903.9634253603351
59.18760559363171;1929.9204386474726
59.2504374467035;1898.5404637275922
59.31326929977529;1892.461546525275
59.376101152847085;1768.324478067145
59.43893300591889;1699.3517104288362
59.50176485899068;1711.3617743581874
59.564596712062475;1742.2883023969637
59.62742856513427;1814.4553766571373
59.69026041820607;1797.7261240137384
59.753092271277865;1826.020329478092
59.81592412434966;1928.6071518428566
59.87875597742146;1938.5840077514197
59.941587830493255;1912.7984336571435
60.00441968356505;1914.8886567236007
60.06725153663684;2024.3428504674325
60.130083389708645;1973.8450586246988
60.19291524278044;1912.760952597446
60.25574709585223;1886.451876607912
60.31857894892402;1987.238916551954
60.38141080199583;1974.4474207086882
60.44424265506762;1926.273455143406
60.50707450813941;1960.3250405858314
60.56990636121122;2032.0017090921008
60.63273821428301;1986.7136325286
60.6955700673548;1888.8863313193033
60.75840192042659;1909.3914245795017
60.8212337734984;1956.1548169684443
60.88406562657019;1866.6236265994585
60.94689747964198;1862.2946833735505
61.00972933271379;1996.4331270116152
61.07256118578558;2122.0132747732646
61.13539303885737;2097.6977935034183
61.198224891929165;2034.994859394824
61.26105674500097;1999.4066016318716
61.32388859807276;2011.906073206919
61.386720451144555;2029.676776914528
61.44955230421635;2034.8238375529559
61.51238415728815;2084.6150971634956
61.575216010359945;2123.526585710024
61.63804786343174;2122.4092070043757
61.70087971650354;2092.2439163565605
61.763711569575335;2114.932914452416
61.82654342264713;2069.315417490286
61.88937527571892;1959.1289847797357
61.952207128790725;1917.6297196860835
62.01503898186252;1868.8405958885444
62.07787083493431;1933.5099661518068
62.1407026880061;2068.8309580256832
62.20353454107791;2045.6872130134193
62.2663663941497;2087.25587753647
62.32919824722149;2154.546769981179
62.3920301002933;2161.6898225611276
62.45486195336509;2247.238572000282
62.51769380643688;2273.8295098795156
62.58052565950867;2175.237019180756
62.64335751258048;2286.365521143514
62.70618936565227;2327.1463152270794
62.76902121872406;2224.6986405283374
62.831853071795855;2126.972274712877
62.89468492486766;2143.558058689479
62.95751677793945;2133.6725750834185
63.020348631011245;2218.0478236228223
63.08318048408305;2217.035119659444
63.14601233715484;2179.7513817672116
63.208844190226635;2267.254915655271
63.27167604329843;2407.414438283
63.33450789637023;2439.2837486142835
63.397339749442025;2597.665877881552
63.46017160251382;2624.10210569617
63.52300345558561;2491.181964239901
63.585835308657416;2384.4446465744313
63.64866716172921;2293.633082457618
63.711499014801;2375.715729566036
63.774330867872806;2382.8442949490786
63.8371627209446;2379.731088562769
63.89999457401639;2332.6658524779596
63.96282642708818;2408.458804540952
64.02565828015999;2344.1347997665407
64.08849013323179;2284.0971809838197
64.15132198630357;2320.185122373197
64.21415383937537;2339.591205970029
64.27698569244717;2356.156474242483
64.33981754551897;2414.6848797276225
64.40264939859075;2375.077838765338
64.46548125166255;2462.14089430245
64.52831310473435;2469.11323060163
64.59114495780615;2505.569371382069
64.65397681087794;2572.8209905465606
64.71680866394973;2481.7580235366004
64.77964051702153;2521.7579296415006
64.84247237009333;2649.65848272251
64.90530422316512;2636.189255631378
64.96813607623693;2585.5073160030424
65.03096792930872;2579.344249588752
65.09379978238051;2566.819216604736
65.15663163545231;2538.302094815473
65.21946348852411;2539.070292613832
65.2822953415959;2449.497807172386
65.3451271946677;2417.171200582167
65.4079590477395;2395.6094312029445
65.4707909008113;2491.2921549207895
65.53362275388308;2612.6244045260455
65.59645460695488;2533.0913857776754
65.65928646002668;2395.685312381314
65.72211831309848;2347.8463990235614
65.78495016617026;2419.349486165478
65.84778201924206;2556.4739852250705
65.91061387231386;2836.4391594106955
65.97344572538566;2793.265922139063
66.03627757845744;2674.150076489643
66.09910943152926;2725.9561921471013
66.16194128460104;2745.5225460504917
66.22477313767284;2736.2180775873394
66.28760499074463;2743.3572599621903
66.35043684381644;2618.199863787255
66.41326869688822;2530.976336073486
66.47610054996002;2616.485184471819
66.53893240303182;2536.11784156389
66.60176425610362;2561.5950845155485
66.6645961091754;2835.163045097956
66.7274279622472;2868.1149671965936
66.790259815319;2741.916927577935
66.8530916683908;2684.311106769196
66.91592352146259;2684.9733913028194
66.97875537453439;2795.326076315207
67.04158722760619;2791.156348665217
67.10441908067799;2758.5416857301343
67.16725093374977;2895.544863003092
67.23008278682158;3008.161032757512
67.29291463989337;3013.442664097119
67.35574649296517;2803.183268535066
67.41857834603695;2758.334489304193
67.48141019910877;2770.099401134099
67.54424205218055;2784.3032160335183
67.60707390525235;2849.8411474665036
67.66990575832413;2885.713054405554
67.73273761139595;2812.689900123675
67.79556946446773;2765.6907002616554
67.85840131753953;2697.0854053071007
67.92123317061133;2740.436684509464
67.98406502368313;2815.1074979491327
68.04689687675491;2836.9030303779136
68.10972872982671;2947.2130263357126
68.17256058289851;2993.0904443843997
68.23539243597031;3111.7819179397757
68.2982242890421;3280.5798625031707
68.36105614211391;3284.168700539901
68.4238879951857;2953.2761675944635
68.4867198482575;2840.8381891112836
68.54955170132928;2926.526749113996
68.61238355440109;2821.548566921423
68.67521540747288;2939.2552109793055
68.73804726054468;3015.193810513153
68.80087911361646;3036.8467648828
68.86371096668827;3032.155790983897
68.92654281976006;3271.4389343697458
68.98937467283186;3071.7577309019966
69.05220652590366;3095.6696858674145
69.11503837897546;3119.556138577869
69.17787023204724;3177.2580331782565
69.24070208511904;3294.159617249292
69.30353393819084;3404.535875114184
69.36636579126264;3232.49317163883
69.42919764433442;3203.1369075825796
69.49202949740622;3225.487040914216
69.55486135047802;3123.6849031275833
69.61769320354982;3342.3808766753236
69.6805250566216;3367.099676135484
69.74335690969342;3203.060491760311
69.8061887627652;3128.4388774690606
69.869020615837;3218.243600203306
69.93185246890879;3258.742935476304
69.9946843219806;3241.9464021972094
70.05751617505238;3291.2773743894704
70.12034802812418;3357.0916123342627
70.18317988119597;3493.8252659299615
70.24601173426778;3607.850543691729
70.30884358733957;3550.3655864524085
70.37167544041137;3510.595393948148
70.43450729348316;3420.6848160628133
70.49733914655496;3567.9031396846526
70.56017099962675;3635.758356595824
70.62300285269855;3757.9720564616287
70.68583470577035;3800.807792809939
70.74866655884215;3730.4395938983093
70.81149841191393;3717.6331902866655
70.87433026498573;3723.3326439826033
70.93716211805753;3662.160288011633
70.99999397112933;3679.5151806233193
71.06282582420111;3803.366036030933
71.12565767727293;3697.834565461943
71.18848953034471;3341.906440191368
71.25132138341651;3464.305483674963
71.3141532364883;3809.661244610501
71.37698508956011;3882.4756164135165
71.4398169426319;3875.718380816415
71.50264879570369;3772.248294137172
71.56548064877548;3825.7393688885545
71.62831250184729;3810.9487918196664
71.69114435491907;3918.334139861723
71.75397620799087;3918.2990770111137
71.81680806106267;3867.9390245846034
71.87963991413447;3901.9178645621437
71.94247176720626;3953.310292519783
72.00530362027806;3801.9763939349136
72.06813547334986;3832.561784073048
72.13096732642165;3861.4796264932
72.19379917949344;3782.104739016903
72.25663103256524;3765.9169969647255
72.31946288563704;3958.6063252442086
72.38229473870884;4206.324163212818
72.44512659178062;4218.011766729979
72.50795844485243;4131.879728224244
72.57079029792422;4182.569654084592
72.63362215099602;4253.229219801256
72.6964540040678;4371.89724991572
72.75928585713962;4516.237317855792
72.8221177102114;4545.650777175368
72.8849495632832;4492.455185645481
72.94778141635499;4419.192971146314
73.0106132694268;4229.0882143281215
73.07344512249858;4182.571833845513
73.13627697557038;4275.207574964091
73.19910882864218;4297.596803849407
73.26194068171398;4387.537258283358
73.32477253478577;4378.933562718019
73.38760438785756;4507.053404642338
73.45043624092936;4466.789538138847
73.51326809400116;4476.285578426154
73.57609994707295;4661.1049530985665
73.63893180014475;4537.223385668214
73.70176365321655;4570.4550807229025
73.76459550628834;4471.308503400046
73.82742735936013;4426.6031605702865
73.89025921243194;4496.194427128976
73.95309106550373;4621.025423348517
74.01592291857553;4524.857121415103
74.07875477164731;4564.805451996401
74.14158662471912;4690.118695678195
74.20441847779091;5039.12350798609
74.26725033086271;4713.505441886265
74.33008218393451;4479.519800050893
74.3929140370063;4407.476972341425
74.45574589007809;4734.522559558806
74.51857774314989;5040.917801983013
74.58140959622169;5011.681050555958
74.64424144929349;4941.995673463962
74.70707330236527;5064.68709829486
74.76990515543707;5029.921449822557
74.83273700850887;5043.7799813074935
74.89556886158067;5171.864380820449
74.95840071465246;5416.9416490896765
75.02123256772425;5374.953642717081
75.08406442079605;5271.450832485215
75.14689627386785;5349.765663848826
75.20972812693964;5263.944248219587
75.27255998001145;5392.082074076532
75.33539183308324;5348.527304351876
75.39822368615503;5203.353141353862
75.46105553922683;5363.653323079586
75.52388739229863;5585.608316652599
75.58671924537042;5679.631413928203
75.64955109844222;5831.902654417753
75.71238295151402;5940.829104898895
75.77521480458581;5895.179381027717
75.8380466576576;5454.500439200806
75.9008785107294;5128.439644366753
75.9637103638012;5120.106843694853
76.026542216873;5403.586218135028
76.08937406994478;5535.035906648481
76.15220592301658;5577.005542110064
76.21503777608838;5439.7444780877195
76.27786962916018;5359.597886205435
76.34070148223196;5505.535656498848
76.40353333530376;5451.461150793714
76.46636518837556;5269.342044305273
76.52919704144736;5331.826116778041
76.59202889451916;5719.10168282995
76.65486074759096;6230.46604980188
76.71769260066274;6367.651228385442
76.78052445373454;6337.38194981415
76.84335630680634;6230.804400008541
76.90618815987814;6336.040149283248
76.96902001294993;6535.912186172747
77.03185186602173;6761.922567703728
77.09468371909352;6770.230621691368
77.15751557216532;6513.006855482337
77.22034742523711;6274.641546658561
77.2831792783089;6084.497261204809
77.3460111313807;6319.588204314715
77.4088429844525;6695.592656609386
77.47167483752429;7241.544451783684
77.53450669059609;6850.489892791563
77.59733854366789;6855.832939451384
77.66017039673969;7064.2052416416145
77.72300224981149;6969.908600588874
77.78583410288329;6880.741862813605
77.84866595595507;6940.703982150794
77.91149780902687;6867.455278258541
77.97432966209867;6599.10812450585
78.03716151517047;6504.584585974349
78.09999336824225;6523.505700448792
78.16282522131405;6544.113406525724
78.22565707438585;6700.256056014031
78.28848892745765;6709.415403599799
78.35132078052943;7153.074988473027
78.41415263360123;7585.90348651373
78.47698448667303;7045.422200388263
78.53981633974483;7224.344895781039
78.60264819281662;7660.611937126342
78.66548004588842;7796.826575128282
78.72831189896021;8136.855229163964
78.79114375203201;7938.00323653982
78.85397560510381;7408.732235704231
78.9168074581756;7202.535016432187
78.9796393112474;7196.618768051123
79.0424711643192;7543.846331865686
79.105303017391;8026.372629521997
79.1681348704628;8061.433492825316
79.23096672353458;8051.571245484858
79.29379857660638;7984.267863291395
79.35663042967818;7990.745402906677
79.41946228274998;7969.933793882009
79.48229413582176;7984.160693749502
79.54512598889356;8950.509804801832
79.60795784196536;9036.475771771713
79.67078969503716;9060.633418744577
79.73362154810894;9189.897484704947
79.79645340118074;9353.49560867535
79.85928525425254;9198.455687877084
79.92211710732434;9282.199580661641
79.98494896039614;9135.139023396947
80.04778081346792;8624.974661782404
80.11061266653972;8930.00355752517
80.17344451961152;9197.877090996884
80.23627637268332;9656.002989479795
80.2991082257551;10223.260798123436
80.3619400788269;10472.844553683373
80.4247719318987;10151.490086672
80.4876037849705;9727.841826635298
80.5504356380423;9187.494825100133
80.61326749111409;9374.16162784344
80.67609934418589;10112.062443642984
80.73893119725768;10406.547869149903
80.80176305032948;10198.939989813336
80.86459490340127;10365.827083725182
80.92742675647307;10274.368975387899
80.99025860954487;10590.23685654584
81.05309046261667;10586.050612264984
81.11592231568847;10918.64096354799
81.17875416876025;11373.456305996218
81.24158602183205;11563.728126770187
81.30441787490385;11866.653926296689
81.36724972797565;12182.462385468574
81.43008158104743;12735.786550402763
81.49291343411923;12326.558528050682
81.55574528719103;12054.930243058472
81.61857714026283;12589.449277842421
81.68140899333461;13234.270400945217
81.74424084640641;13713.437157994225
81.80707269947821;13706.281901696939
81.86990455255001;13713.50942314113
81.9327364056218;13463.729362584949
81.9955682586936;13783.626793908015
82.05840011176541;14217.600959134037
82.1212319648372;14169.394404805766
82.18406381790899;14078.130306479608
82.24689567098078;14088.29282090334
82.30972752405258;13824.54475581232
82.37255937712438;14144.882264111518
82.43539123019616;14213.731918719339
82.49822308326797;13848.284273790388
82.56105493633977;14489.128443626061
82.62388678941156;14727.659738185012
82.68671864248336;14990.109261629083
82.74955049555516;15420.12569706841
82.81238234862694;15217.355855760157
82.87521420169874;14791.345301311592
82.93804605477052;14810.037049934577
83.00087790784234;15111.835974089545
83.06370976091414;15880.216220901686
83.12654161398592;17356.905268730225
83.18937346705772;17235.23082516793
83.25220532012952;17183.545541651692
83.3150371732013;16652.2483844849
83.37786902627312;16670.64190637327
83.44070087934492;17581.95765355566
83.5035327324167;18058.98559335412
83.5663645854885;18212.091222605875
83.62919643856029;18162.439470623358
83.69202829163208;18548.923814903595
83.75486014470388;18965.795835174584
83.81769199777567;19514.972209232714
83.88052385084748;19987.702531162402
83.94335570391928;20269.10362076989
84.00618755699107;21048.487770301097
84.06901941006286;22227.568290049363
84.13185126313466;23352.98976590122
84.19468311620645;24251.838506925364
84.25751496927825;24210.61586495431
84.32034682235003;24906.23711227904
84.38317867542185;25215.706111149095
84.44601052849364;24689.649467737505
84.50884238156543;24090.88950164043
84.57167423463723;22537.550350801874
84.63450608770903;22858.180452029334
84.69733794078081;23429.119178372486
84.76016979385263;24982.147896411243
84.82300164692442;26335.648410265334
84.88583349999621;27134.641033968364
84.94866535306801;28972.425636286145
85.0114972061398;31434.930080476457
85.07432905921159;31217.220445949155
85.13716091228339;30124.25357701526
85.19999276535518;31376.180743835936
85.26282461842699;31654.246283701166
85.32565647149879;32416.154278872982
85.38848832457057;33280.88897272758
85.45132017764237;32969.37127313682
85.51415203071417;35915.9057829328
85.57698388378596;35662.32620413722
85.63981573685777;35475.36212947261
85.70264758992954;36509.69066157278
85.76547944300135;36723.771206939695
85.82831129607315;37751.97458650488
85.89114314914494;37716.77764942999
85.95397500221674;38103.05590426609
86.01680685528854;40342.84741975452
86.07963870836032;40820.41906384035
86.14247056143213;40859.854014220844
86.20530241450393;40758.444258924
86.26813426757572;41554.34155153605
86.33096612064752;43822.669592491875
86.3937979737193;44826.46587555177
86.4566298267911;47371.691653983115
86.5194616798629;50366.883369296316
86.58229353293468;54087.79858965817
86.6451253860065;57294.46948852598
86.7079572390783;57784.84925346188
86.77078909215008;55409.41095086449
86.83362094522188;54196.49719689887
86.89645279829368;56153.249527671454
86.95928465136546;57913.47801244327
87.02211650443728;59207.43347363011
87.08494835750906;63053.91284638051
87.14778021058086;66567.74881265585
87.21061206365266;68563.08765610568
87.27344391672445;75585.01131122795
87.33627576979625;81652.04395791132
87.39910762286804;84186.12249289852
87.46193947593983;87504.8440103608
87.52477132901164;89607.3762786568
87.58760318208344;93822.38366274144
87.65043503515523;94627.48751255142
87.71326688822703;97160.36578397074
87.77609874129881;105139.26674958874
87.83893059437061;111448.4831406031
87.90176244744242;114883.72971583885
87.9645943005142;118896.5606537707
88.027426153586;127958.88930199602
88.0902580066578;131236.74638855222
88.15308985972959;135103.2001880312
88.21592171280139;145576.7091472781
88.27875356587319;152554.84305867102
88.34158541894497;162851.17061427786
88.40441727201679;164911.85399188343
88.46724912508857;167257.8321495997
88.53008097816037;179276.24861062047
88.59291283123217;196083.5707783233
88.65574468430395;208904.68271549782
88.71857653737575;231847.8000011905
88.78140839044755;256345.06481145628
88.84424024351934;280787.0090157738
88.90707209659115;293347.2535772077
88.96990394966295;314565.1394116682
89.03273580273473;364710.5332469019
89.09556765580653;405526.96932884393
89.15839950887833;429143.46133027016
89.22123136195012;492788.42084833595
89.28406321502193;574976.4047065912
89.34689506809372;639179.348925666
89.40972692116551;770261.7535701562
89.47255877423731;928012.6975368449
89.5353906273091;1157153.2094460598
89.5982224803809;1477595.1969154861
89.6610543334527;2049930.1891939458
89.72388618652448;2826322.500104553
89.7867180395963;4228668.291822958
89.8495498926681;6768636.062596799
89.91238174573988;12639304.60837472
89.97521359881168;24542647.35505416
90.03804545188346;47177146.66324031
90.10087730495526;88223776.57493964
